Copyright 1986-2022 Xilinx, Inc. All Rights Reserved. Copyright 2022-2025 Advanced Micro Devices, Inc. All Rights Reserved.
--------------------------------------------------------------------------------------------------------------------------------------------------------------------------------------------------------------------
| Tool Version : Vivado v.2025.2 (win64) Build 6299465 Fri Nov 14 19:35:11 GMT 2025
| Date         : Sun Sep 27 04:17:45 2026
| Host         : mat running 64-bit major release  (build 9200)
| Command      : report_timing_summary -max_paths 10 -routable_nets -report_unconstrained -file spike_top_timing_summary_routed.rpt -pb spike_top_timing_summary_routed.pb -rpx spike_top_timing_summary_routed.rpx
| Design       : spike_top
| Device       : 7z020-clg400
| Speed File   : -1  PRODUCTION 1.12 2019-11-22
| Design State : Routed
--------------------------------------------------------------------------------------------------------------------------------------------------------------------------------------------------------------------

Timing Summary Report

------------------------------------------------------------------------------------------------
| Timer Settings
| --------------
------------------------------------------------------------------------------------------------

  Enable Multi Corner Analysis               :  Yes
  Enable Pessimism Removal                   :  Yes
  Pessimism Removal Resolution               :  Nearest Common Node
  Enable Input Delay Default Clock           :  No
  Enable Preset / Clear Arcs                 :  No
  Disable Flight Delays                      :  No
  Ignore I/O Paths                           :  No
  Timing Early Launch at Borrowing Latches   :  No
  Borrow Time for Max Delay Exceptions       :  Yes
  Merge Timing Exceptions                    :  Yes
  Inter-SLR Compensation                     :  Conservative

  Corner  Analyze    Analyze    
  Name    Max Paths  Min Paths  
  ------  ---------  ---------  
  Slow    Yes        Yes        
  Fast    Yes        Yes        


------------------------------------------------------------------------------------------------
| Report Methodology
| ------------------
------------------------------------------------------------------------------------------------

Rule       Severity  Description                                 Violations  
---------  --------  ------------------------------------------  ----------  
SYNTH-6    Warning   Timing of a RAM block might be sub-optimal  50          
SYNTH-10   Warning   Wide multiplier                             8           
SYNTH-15   Warning   Byte wide write enable not inferred         64          
TIMING-18  Warning   Missing input or output delay               10          

Note: This report is based on the most recent report_methodology run and may not be up-to-date. Run report_methodology on the current design for the latest report.



check_timing report

Table of Contents
-----------------
1. checking no_clock (0)
2. checking constant_clock (0)
3. checking pulse_width_clock (0)
4. checking unconstrained_internal_endpoints (0)
5. checking no_input_delay (0)
6. checking no_output_delay (10)
7. checking multiple_clock (0)
8. checking generated_clocks (0)
9. checking loops (0)
10. checking partial_input_delay (0)
11. checking partial_output_delay (0)
12. checking latch_loops (0)

1. checking no_clock (0)
------------------------
 There are 0 register/latch pins with no clock.


2. checking constant_clock (0)
------------------------------
 There are 0 register/latch pins with constant_clock.


3. checking pulse_width_clock (0)
---------------------------------
 There are 0 register/latch pins which need pulse_width check


4. checking unconstrained_internal_endpoints (0)
------------------------------------------------
 There are 0 pins that are not constrained for maximum delay.

 There are 0 pins that are not constrained for maximum delay due to constant clock.


5. checking no_input_delay (0)
------------------------------
 There are 0 input ports with no input delay specified.

 There are 0 input ports with no input delay but user has a false path constraint.


6. checking no_output_delay (10)
--------------------------------
 There are 10 ports with no output delay specified. (HIGH)

 There are 0 ports with no output delay but user has a false path constraint

 There are 0 ports with no output delay but with a timing clock defined on it or propagating through it


7. checking multiple_clock (0)
------------------------------
 There are 0 register/latch pins with multiple clocks.


8. checking generated_clocks (0)
--------------------------------
 There are 0 generated clocks that are not connected to a clock source.


9. checking loops (0)
---------------------
 There are 0 combinational loops in the design.


10. checking partial_input_delay (0)
------------------------------------
 There are 0 input ports with partial input delay specified.


11. checking partial_output_delay (0)
-------------------------------------
 There are 0 ports with partial output delay specified.


12. checking latch_loops (0)
----------------------------
 There are 0 combinational latch loops in the design through latch input



------------------------------------------------------------------------------------------------
| Design Timing Summary
| ---------------------
------------------------------------------------------------------------------------------------

    WNS(ns)      TNS(ns)  TNS Failing Endpoints  TNS Total Endpoints      WHS(ns)      THS(ns)  THS Failing Endpoints  THS Total Endpoints     WPWS(ns)     TPWS(ns)  TPWS Failing Endpoints  TPWS Total Endpoints  
    -------      -------  ---------------------  -------------------      -------      -------  ---------------------  -------------------     --------     --------  ----------------------  --------------------  
      0.348        0.000                      0                20379        0.041        0.000                      0                20379        3.750        0.000                       0                  7158  


All user specified timing constraints are met.


------------------------------------------------------------------------------------------------
| Clock Summary
| -------------
------------------------------------------------------------------------------------------------

Clock       Waveform(ns)       Period(ns)      Frequency(MHz)
-----       ------------       ----------      --------------
clk_fpga_0  {0.000 5.000}      10.000          100.000         


------------------------------------------------------------------------------------------------
| Intra Clock Table
| -----------------
------------------------------------------------------------------------------------------------

Clock             WNS(ns)      TNS(ns)  TNS Failing Endpoints  TNS Total Endpoints      WHS(ns)      THS(ns)  THS Failing Endpoints  THS Total Endpoints     WPWS(ns)     TPWS(ns)  TPWS Failing Endpoints  TPWS Total Endpoints  
-----             -------      -------  ---------------------  -------------------      -------      -------  ---------------------  -------------------     --------     --------  ----------------------  --------------------  
clk_fpga_0          0.348        0.000                      0                20379        0.041        0.000                      0                20379        3.750        0.000                       0                  7158  


------------------------------------------------------------------------------------------------
| Inter Clock Table
| -----------------
------------------------------------------------------------------------------------------------

From Clock    To Clock          WNS(ns)      TNS(ns)  TNS Failing Endpoints  TNS Total Endpoints      WHS(ns)      THS(ns)  THS Failing Endpoints  THS Total Endpoints  
----------    --------          -------      -------  ---------------------  -------------------      -------      -------  ---------------------  -------------------  


------------------------------------------------------------------------------------------------
| Other Path Groups Table
| -----------------------
------------------------------------------------------------------------------------------------

Path Group    From Clock    To Clock          WNS(ns)      TNS(ns)  TNS Failing Endpoints  TNS Total Endpoints      WHS(ns)      THS(ns)  THS Failing Endpoints  THS Total Endpoints  
----------    ----------    --------          -------      -------  ---------------------  -------------------      -------      -------  ---------------------  -------------------  


------------------------------------------------------------------------------------------------
| User Ignored Path Table
| -----------------------
------------------------------------------------------------------------------------------------

Path Group    From Clock    To Clock    
----------    ----------    --------    


------------------------------------------------------------------------------------------------
| Unconstrained Path Table
| ------------------------
------------------------------------------------------------------------------------------------

Path Group    From Clock    To Clock    
----------    ----------    --------    
(none)        clk_fpga_0                  
(none)                      clk_fpga_0    


------------------------------------------------------------------------------------------------
| Timing Details
| --------------
------------------------------------------------------------------------------------------------


---------------------------------------------------------------------------------------------------
From Clock:  clk_fpga_0
  To Clock:  clk_fpga_0

Setup :            0  Failing Endpoints,  Worst Slack        0.348ns,  Total Violation        0.000ns
Hold  :            0  Failing Endpoints,  Worst Slack        0.041ns,  Total Violation        0.000ns
PW    :            0  Failing Endpoints,  Worst Slack        3.750ns,  Total Violation        0.000ns
---------------------------------------------------------------------------------------------------


Max Delay Paths
--------------------------------------------------------------------------------------
Slack (MET) :             0.348ns  (required time - arrival time)
  Source:                 u_soc/u_engine/acc[100][17]_i_6_psbram/C
                            (rising edge-triggered cell FDRE clocked by clk_fpga_0  {rise@0.000ns fall@5.000ns period=10.000ns})
  Destination:            u_soc/u_engine/acc_reg[18][13]/D
                            (rising edge-triggered cell FDRE clocked by clk_fpga_0  {rise@0.000ns fall@5.000ns period=10.000ns})
  Path Group:             clk_fpga_0
  Path Type:              Setup (Max at Slow Process Corner)
  Requirement:            10.000ns  (clk_fpga_0 rise@10.000ns - clk_fpga_0 rise@0.000ns)
  Data Path Delay:        9.473ns  (logic 2.793ns (29.482%)  route 6.680ns (70.518%))
  Logic Levels:           10  (CARRY4=2 LUT3=1 LUT5=1 LUT6=4 MUXF7=1 MUXF8=1)
  Clock Path Skew:        -0.101ns (DCD - SCD + CPR)
    Destination Clock Delay (DCD):    2.721ns = ( 12.721 - 10.000 ) 
    Source Clock Delay      (SCD):    2.937ns
    Clock Pessimism Removal (CPR):    0.115ns
  Clock Uncertainty:      0.154ns  ((TSJ^2 + TIJ^2)^1/2 + DJ) / 2 + PE
    Total System Jitter     (TSJ):    0.071ns
    Total Input Jitter      (TIJ):    0.300ns
    Discrete Jitter          (DJ):    0.000ns
    Phase Error              (PE):    0.000ns

    Location             Delay type                Incr(ns)  Path(ns)    Netlist Resource(s)
  -------------------------------------------------------------------    -------------------
                         (clock clk_fpga_0 rise edge)
                                                      0.000     0.000 r  
    PS7_X0Y0             PS7                          0.000     0.000 r  u_bd/ps_bd_i/ps7/inst/PS7_i/FCLKCLK[0]
                         net (fo=1, routed)           1.193     1.193    u_bd/ps_bd_i/ps7/inst/FCLK_CLK_unbuffered[0]
    BUFGCTRL_X0Y16       BUFG (Prop_bufg_I_O)         0.101     1.294 r  u_bd/ps_bd_i/ps7/inst/buffer_fclk_clk_0.FCLK_CLK_0_BUFG/O
                         net (fo=7163, routed)        1.643     2.937    u_soc/u_engine/FCLK_CLK0
    SLICE_X51Y29         FDRE                                         r  u_soc/u_engine/acc[100][17]_i_6_psbram/C
  -------------------------------------------------------------------    -------------------
    SLICE_X51Y29         FDRE (Prop_fdre_C_Q)         0.419     3.356 r  u_soc/u_engine/acc[100][17]_i_6_psbram/Q
                         net (fo=908, routed)         1.769     5.125    u_soc/u_engine/ev_syn[1]
    SLICE_X70Y40         LUT6 (Prop_lut6_I2_O)        0.299     5.424 r  u_soc/u_engine/acc[10][11]_i_98/O
                         net (fo=1, routed)           0.000     5.424    u_soc/u_engine/acc[10][11]_i_98_n_0
    SLICE_X70Y40         MUXF7 (Prop_muxf7_I1_O)      0.245     5.669 r  u_soc/u_engine/acc_reg[10][11]_i_45/O
                         net (fo=1, routed)           0.000     5.669    u_soc/u_engine/acc_reg[10][11]_i_45_n_0
    SLICE_X70Y40         MUXF8 (Prop_muxf8_I0_O)      0.104     5.773 r  u_soc/u_engine/acc_reg[10][11]_i_19/O
                         net (fo=1, routed)           0.804     6.576    u_soc/u_engine/acc_reg[10][11]_i_19_n_0
    SLICE_X67Y38         LUT6 (Prop_lut6_I3_O)        0.316     6.892 r  u_soc/u_engine/acc[10][11]_i_11/O
                         net (fo=3, routed)           1.444     8.337    u_soc/u_engine/acc[10][11]_i_11_n_0
    SLICE_X53Y37         LUT5 (Prop_lut5_I3_O)        0.124     8.461 r  u_soc/u_engine/acc[10][11]_i_7/O
                         net (fo=1, routed)           0.000     8.461    u_soc/u_engine/acc[10][11]_i_7_n_0
    SLICE_X53Y37         CARRY4 (Prop_carry4_S[3]_CO[3])
                                                      0.401     8.862 r  u_soc/u_engine/acc_reg[10][11]_i_2/CO[3]
                         net (fo=1, routed)           0.000     8.862    u_soc/u_engine/acc_reg[10][11]_i_2_n_0
    SLICE_X53Y38         CARRY4 (Prop_carry4_CI_O[1])
                                                      0.334     9.196 r  u_soc/u_engine/acc_reg[10][15]_i_2/O[1]
                         net (fo=196, routed)         1.613    10.808    u_soc/u_engine/acc_reg[10][15]_i_2_n_6
    SLICE_X66Y50         LUT3 (Prop_lut3_I0_O)        0.303    11.111 r  u_soc/u_engine/acc[18][13]_i_3/O
                         net (fo=2, routed)           0.599    11.710    u_soc/u_engine/acc[1975]
    SLICE_X66Y51         LUT6 (Prop_lut6_I0_O)        0.124    11.834 r  u_soc/u_engine/acc[18][13]_i_2/O
                         net (fo=1, routed)           0.452    12.286    u_soc/u_engine/acc[18][13]_i_2_n_0
    SLICE_X66Y51         LUT6 (Prop_lut6_I2_O)        0.124    12.410 r  u_soc/u_engine/acc[18][13]_i_1/O
                         net (fo=1, routed)           0.000    12.410    u_soc/u_engine/acc[18][13]_i_1_n_0
    SLICE_X66Y51         FDRE                                         r  u_soc/u_engine/acc_reg[18][13]/D
  -------------------------------------------------------------------    -------------------

                         (clock clk_fpga_0 rise edge)
                                                     10.000    10.000 r  
    PS7_X0Y0             PS7                          0.000    10.000 r  u_bd/ps_bd_i/ps7/inst/PS7_i/FCLKCLK[0]
                         net (fo=1, routed)           1.088    11.088    u_bd/ps_bd_i/ps7/inst/FCLK_CLK_unbuffered[0]
    BUFGCTRL_X0Y16       BUFG (Prop_bufg_I_O)         0.091    11.179 r  u_bd/ps_bd_i/ps7/inst/buffer_fclk_clk_0.FCLK_CLK_0_BUFG/O
                         net (fo=7163, routed)        1.542    12.721    u_soc/u_engine/FCLK_CLK0
    SLICE_X66Y51         FDRE                                         r  u_soc/u_engine/acc_reg[18][13]/C
                         clock pessimism              0.115    12.836    
                         clock uncertainty           -0.154    12.682    
    SLICE_X66Y51         FDRE (Setup_fdre_C_D)        0.077    12.759    u_soc/u_engine/acc_reg[18][13]
  -------------------------------------------------------------------
                         required time                         12.759    
                         arrival time                         -12.410    
  -------------------------------------------------------------------
                         slack                                  0.348    

Slack (MET) :             0.378ns  (required time - arrival time)
  Source:                 u_soc/u_engine/acc[100][17]_i_6_psbram/C
                            (rising edge-triggered cell FDRE clocked by clk_fpga_0  {rise@0.000ns fall@5.000ns period=10.000ns})
  Destination:            u_soc/u_engine/acc_reg[59][17]/D
                            (rising edge-triggered cell FDRE clocked by clk_fpga_0  {rise@0.000ns fall@5.000ns period=10.000ns})
  Path Group:             clk_fpga_0
  Path Type:              Setup (Max at Slow Process Corner)
  Requirement:            10.000ns  (clk_fpga_0 rise@10.000ns - clk_fpga_0 rise@0.000ns)
  Data Path Delay:        9.365ns  (logic 3.170ns (33.850%)  route 6.195ns (66.150%))
  Logic Levels:           10  (CARRY4=2 LUT3=1 LUT5=1 LUT6=4 MUXF7=1 MUXF8=1)
  Clock Path Skew:        -0.135ns (DCD - SCD + CPR)
    Destination Clock Delay (DCD):    2.673ns = ( 12.674 - 10.000 ) 
    Source Clock Delay      (SCD):    2.937ns
    Clock Pessimism Removal (CPR):    0.129ns
  Clock Uncertainty:      0.154ns  ((TSJ^2 + TIJ^2)^1/2 + DJ) / 2 + PE
    Total System Jitter     (TSJ):    0.071ns
    Total Input Jitter      (TIJ):    0.300ns
    Discrete Jitter          (DJ):    0.000ns
    Phase Error              (PE):    0.000ns

    Location             Delay type                Incr(ns)  Path(ns)    Netlist Resource(s)
  -------------------------------------------------------------------    -------------------
                         (clock clk_fpga_0 rise edge)
                                                      0.000     0.000 r  
    PS7_X0Y0             PS7                          0.000     0.000 r  u_bd/ps_bd_i/ps7/inst/PS7_i/FCLKCLK[0]
                         net (fo=1, routed)           1.193     1.193    u_bd/ps_bd_i/ps7/inst/FCLK_CLK_unbuffered[0]
    BUFGCTRL_X0Y16       BUFG (Prop_bufg_I_O)         0.101     1.294 r  u_bd/ps_bd_i/ps7/inst/buffer_fclk_clk_0.FCLK_CLK_0_BUFG/O
                         net (fo=7163, routed)        1.643     2.937    u_soc/u_engine/FCLK_CLK0
    SLICE_X51Y29         FDRE                                         r  u_soc/u_engine/acc[100][17]_i_6_psbram/C
  -------------------------------------------------------------------    -------------------
    SLICE_X51Y29         FDRE (Prop_fdre_C_Q)         0.419     3.356 r  u_soc/u_engine/acc[100][17]_i_6_psbram/Q
                         net (fo=908, routed)         1.884     5.240    u_soc/u_engine/ev_syn[1]
    SLICE_X31Y45         LUT6 (Prop_lut6_I2_O)        0.299     5.539 r  u_soc/u_engine/acc[10][15]_i_188/O
                         net (fo=1, routed)           0.000     5.539    u_soc/u_engine/acc[10][15]_i_188_n_0
    SLICE_X31Y45         MUXF7 (Prop_muxf7_I1_O)      0.245     5.784 r  u_soc/u_engine/acc_reg[10][15]_i_87/O
                         net (fo=1, routed)           0.000     5.784    u_soc/u_engine/acc_reg[10][15]_i_87_n_0
    SLICE_X31Y45         MUXF8 (Prop_muxf8_I0_O)      0.104     5.888 r  u_soc/u_engine/acc_reg[10][15]_i_37/O
                         net (fo=1, routed)           1.073     6.961    u_soc/u_engine/acc_reg[10][15]_i_37_n_0
    SLICE_X36Y39         LUT6 (Prop_lut6_I3_O)        0.316     7.277 r  u_soc/u_engine/acc[10][15]_i_15/O
                         net (fo=3, routed)           1.142     8.419    u_soc/u_engine/acc[10][15]_i_15_n_0
    SLICE_X53Y38         LUT5 (Prop_lut5_I3_O)        0.124     8.543 r  u_soc/u_engine/acc[10][15]_i_9/O
                         net (fo=1, routed)           0.000     8.543    u_soc/u_engine/acc[10][15]_i_9_n_0
    SLICE_X53Y38         CARRY4 (Prop_carry4_S[1]_CO[3])
                                                      0.550     9.093 r  u_soc/u_engine/acc_reg[10][15]_i_2/CO[3]
                         net (fo=1, routed)           0.000     9.093    u_soc/u_engine/acc_reg[10][15]_i_2_n_0
    SLICE_X53Y39         CARRY4 (Prop_carry4_CI_O[1])
                                                      0.334     9.427 r  u_soc/u_engine/acc_reg[10][17]_i_4/O[1]
                         net (fo=196, routed)         1.098    10.526    u_soc/u_engine/acc_reg[10][17]_i_4_n_6
    SLICE_X43Y41         LUT3 (Prop_lut3_I0_O)        0.329    10.855 r  u_soc/u_engine/acc[59][17]_i_5/O
                         net (fo=2, routed)           0.451    11.306    u_soc/u_engine/acc__0[1241]
    SLICE_X43Y41         LUT6 (Prop_lut6_I0_O)        0.326    11.632 r  u_soc/u_engine/acc[59][17]_i_4/O
                         net (fo=1, routed)           0.546    12.178    u_soc/u_engine/acc[59][17]_i_4_n_0
    SLICE_X43Y41         LUT6 (Prop_lut6_I2_O)        0.124    12.302 r  u_soc/u_engine/acc[59][17]_i_1/O
                         net (fo=1, routed)           0.000    12.302    u_soc/u_engine/acc[59][17]_i_1_n_0
    SLICE_X43Y41         FDRE                                         r  u_soc/u_engine/acc_reg[59][17]/D
  -------------------------------------------------------------------    -------------------

                         (clock clk_fpga_0 rise edge)
                                                     10.000    10.000 r  
    PS7_X0Y0             PS7                          0.000    10.000 r  u_bd/ps_bd_i/ps7/inst/PS7_i/FCLKCLK[0]
                         net (fo=1, routed)           1.088    11.088    u_bd/ps_bd_i/ps7/inst/FCLK_CLK_unbuffered[0]
    BUFGCTRL_X0Y16       BUFG (Prop_bufg_I_O)         0.091    11.179 r  u_bd/ps_bd_i/ps7/inst/buffer_fclk_clk_0.FCLK_CLK_0_BUFG/O
                         net (fo=7163, routed)        1.494    12.674    u_soc/u_engine/FCLK_CLK0
    SLICE_X43Y41         FDRE                                         r  u_soc/u_engine/acc_reg[59][17]/C
                         clock pessimism              0.129    12.802    
                         clock uncertainty           -0.154    12.648    
    SLICE_X43Y41         FDRE (Setup_fdre_C_D)        0.031    12.679    u_soc/u_engine/acc_reg[59][17]
  -------------------------------------------------------------------
                         required time                         12.679    
                         arrival time                         -12.302    
  -------------------------------------------------------------------
                         slack                                  0.378    

Slack (MET) :             0.379ns  (required time - arrival time)
  Source:                 u_soc/u_engine/np0_mem_reg/CLKARDCLK
                            (rising edge-triggered cell RAMB18E1 clocked by clk_fpga_0  {rise@0.000ns fall@5.000ns period=10.000ns})
  Destination:            u_soc/u_engine/p2_prod_reg__0/B[12]
                            (rising edge-triggered cell DSP48E1 clocked by clk_fpga_0  {rise@0.000ns fall@5.000ns period=10.000ns})
  Path Group:             clk_fpga_0
  Path Type:              Setup (Max at Slow Process Corner)
  Requirement:            10.000ns  (clk_fpga_0 rise@10.000ns - clk_fpga_0 rise@0.000ns)
  Data Path Delay:        8.662ns  (logic 3.897ns (44.990%)  route 4.765ns (55.010%))
  Logic Levels:           5  (CARRY4=2 LUT2=1 LUT4=1 LUT6=1)
  Clock Path Skew:        -0.176ns (DCD - SCD + CPR)
    Destination Clock Delay (DCD):    2.760ns = ( 12.760 - 10.000 ) 
    Source Clock Delay      (SCD):    3.064ns
    Clock Pessimism Removal (CPR):    0.129ns
  Clock Uncertainty:      0.154ns  ((TSJ^2 + TIJ^2)^1/2 + DJ) / 2 + PE
    Total System Jitter     (TSJ):    0.071ns
    Total Input Jitter      (TIJ):    0.300ns
    Discrete Jitter          (DJ):    0.000ns
    Phase Error              (PE):    0.000ns

    Location             Delay type                Incr(ns)  Path(ns)    Netlist Resource(s)
  -------------------------------------------------------------------    -------------------
                         (clock clk_fpga_0 rise edge)
                                                      0.000     0.000 r  
    PS7_X0Y0             PS7                          0.000     0.000 r  u_bd/ps_bd_i/ps7/inst/PS7_i/FCLKCLK[0]
                         net (fo=1, routed)           1.193     1.193    u_bd/ps_bd_i/ps7/inst/FCLK_CLK_unbuffered[0]
    BUFGCTRL_X0Y16       BUFG (Prop_bufg_I_O)         0.101     1.294 r  u_bd/ps_bd_i/ps7/inst/buffer_fclk_clk_0.FCLK_CLK_0_BUFG/O
                         net (fo=7163, routed)        1.770     3.064    u_soc/u_engine/FCLK_CLK0
    RAMB18_X3Y1          RAMB18E1                                     r  u_soc/u_engine/np0_mem_reg/CLKARDCLK
  -------------------------------------------------------------------    -------------------
    RAMB18_X3Y1          RAMB18E1 (Prop_ramb18e1_CLKARDCLK_DOBDO[11])
                                                      2.454     5.518 r  u_soc/u_engine/np0_mem_reg/DOBDO[11]
                         net (fo=40, routed)          1.486     7.004    u_soc/u_engine/i_ka[3]
    SLICE_X53Y8          LUT4 (Prop_lut4_I3_O)        0.152     7.156 f  u_soc/u_engine/p2_prod_reg_i_48/O
                         net (fo=5, routed)           1.089     8.245    u_soc/u_engine/p2_prod_reg_i_48_n_0
    SLICE_X54Y10         LUT6 (Prop_lut6_I5_O)        0.326     8.571 f  u_soc/u_engine/p2_prod_reg_i_35/O
                         net (fo=1, routed)           0.492     9.064    u_soc/u_engine/i_anew1[24]
    SLICE_X54Y9          LUT2 (Prop_lut2_I1_O)        0.124     9.188 r  u_soc/u_engine/p2_prod_reg_i_13/O
                         net (fo=1, routed)           0.613     9.800    u_soc/u_engine/p2_prod_reg_i_13_n_0
    SLICE_X52Y9          CARRY4 (Prop_carry4_DI[1]_CO[3])
                                                      0.507    10.307 r  u_soc/u_engine/p2_prod_reg_i_2/CO[3]
                         net (fo=1, routed)           0.000    10.307    u_soc/u_engine/p2_prod_reg_i_2_n_0
    SLICE_X52Y10         CARRY4 (Prop_carry4_CI_O[1])
                                                      0.334    10.641 r  u_soc/u_engine/p2_prod_reg_i_1/O[1]
                         net (fo=3, routed)           1.085    11.726    u_soc/u_engine/i_anew[29]
    DSP48_X2Y5           DSP48E1                                      r  u_soc/u_engine/p2_prod_reg__0/B[12]
  -------------------------------------------------------------------    -------------------

                         (clock clk_fpga_0 rise edge)
                                                     10.000    10.000 r  
    PS7_X0Y0             PS7                          0.000    10.000 r  u_bd/ps_bd_i/ps7/inst/PS7_i/FCLKCLK[0]
                         net (fo=1, routed)           1.088    11.088    u_bd/ps_bd_i/ps7/inst/FCLK_CLK_unbuffered[0]
    BUFGCTRL_X0Y16       BUFG (Prop_bufg_I_O)         0.091    11.179 r  u_bd/ps_bd_i/ps7/inst/buffer_fclk_clk_0.FCLK_CLK_0_BUFG/O
                         net (fo=7163, routed)        1.581    12.760    u_soc/u_engine/FCLK_CLK0
    DSP48_X2Y5           DSP48E1                                      r  u_soc/u_engine/p2_prod_reg__0/CLK
                         clock pessimism              0.129    12.889    
                         clock uncertainty           -0.154    12.735    
    DSP48_X2Y5           DSP48E1 (Setup_dsp48e1_CLK_B[12])
                                                     -0.629    12.106    u_soc/u_engine/p2_prod_reg__0
  -------------------------------------------------------------------
                         required time                         12.106    
                         arrival time                         -11.726    
  -------------------------------------------------------------------
                         slack                                  0.379    

Slack (MET) :             0.380ns  (required time - arrival time)
  Source:                 u_soc/u_engine/acc[100][17]_i_6_psbram/C
                            (rising edge-triggered cell FDRE clocked by clk_fpga_0  {rise@0.000ns fall@5.000ns period=10.000ns})
  Destination:            u_soc/u_engine/acc_reg[55][13]/D
                            (rising edge-triggered cell FDRE clocked by clk_fpga_0  {rise@0.000ns fall@5.000ns period=10.000ns})
  Path Group:             clk_fpga_0
  Path Type:              Setup (Max at Slow Process Corner)
  Requirement:            10.000ns  (clk_fpga_0 rise@10.000ns - clk_fpga_0 rise@0.000ns)
  Data Path Delay:        9.393ns  (logic 2.793ns (29.734%)  route 6.600ns (70.266%))
  Logic Levels:           10  (CARRY4=2 LUT3=1 LUT5=1 LUT6=4 MUXF7=1 MUXF8=1)
  Clock Path Skew:        -0.101ns (DCD - SCD + CPR)
    Destination Clock Delay (DCD):    2.721ns = ( 12.721 - 10.000 ) 
    Source Clock Delay      (SCD):    2.937ns
    Clock Pessimism Removal (CPR):    0.115ns
  Clock Uncertainty:      0.154ns  ((TSJ^2 + TIJ^2)^1/2 + DJ) / 2 + PE
    Total System Jitter     (TSJ):    0.071ns
    Total Input Jitter      (TIJ):    0.300ns
    Discrete Jitter          (DJ):    0.000ns
    Phase Error              (PE):    0.000ns

    Location             Delay type                Incr(ns)  Path(ns)    Netlist Resource(s)
  -------------------------------------------------------------------    -------------------
                         (clock clk_fpga_0 rise edge)
                                                      0.000     0.000 r  
    PS7_X0Y0             PS7                          0.000     0.000 r  u_bd/ps_bd_i/ps7/inst/PS7_i/FCLKCLK[0]
                         net (fo=1, routed)           1.193     1.193    u_bd/ps_bd_i/ps7/inst/FCLK_CLK_unbuffered[0]
    BUFGCTRL_X0Y16       BUFG (Prop_bufg_I_O)         0.101     1.294 r  u_bd/ps_bd_i/ps7/inst/buffer_fclk_clk_0.FCLK_CLK_0_BUFG/O
                         net (fo=7163, routed)        1.643     2.937    u_soc/u_engine/FCLK_CLK0
    SLICE_X51Y29         FDRE                                         r  u_soc/u_engine/acc[100][17]_i_6_psbram/C
  -------------------------------------------------------------------    -------------------
    SLICE_X51Y29         FDRE (Prop_fdre_C_Q)         0.419     3.356 r  u_soc/u_engine/acc[100][17]_i_6_psbram/Q
                         net (fo=908, routed)         1.769     5.125    u_soc/u_engine/ev_syn[1]
    SLICE_X70Y40         LUT6 (Prop_lut6_I2_O)        0.299     5.424 r  u_soc/u_engine/acc[10][11]_i_98/O
                         net (fo=1, routed)           0.000     5.424    u_soc/u_engine/acc[10][11]_i_98_n_0
    SLICE_X70Y40         MUXF7 (Prop_muxf7_I1_O)      0.245     5.669 r  u_soc/u_engine/acc_reg[10][11]_i_45/O
                         net (fo=1, routed)           0.000     5.669    u_soc/u_engine/acc_reg[10][11]_i_45_n_0
    SLICE_X70Y40         MUXF8 (Prop_muxf8_I0_O)      0.104     5.773 r  u_soc/u_engine/acc_reg[10][11]_i_19/O
                         net (fo=1, routed)           0.804     6.576    u_soc/u_engine/acc_reg[10][11]_i_19_n_0
    SLICE_X67Y38         LUT6 (Prop_lut6_I3_O)        0.316     6.892 r  u_soc/u_engine/acc[10][11]_i_11/O
                         net (fo=3, routed)           1.444     8.337    u_soc/u_engine/acc[10][11]_i_11_n_0
    SLICE_X53Y37         LUT5 (Prop_lut5_I3_O)        0.124     8.461 r  u_soc/u_engine/acc[10][11]_i_7/O
                         net (fo=1, routed)           0.000     8.461    u_soc/u_engine/acc[10][11]_i_7_n_0
    SLICE_X53Y37         CARRY4 (Prop_carry4_S[3]_CO[3])
                                                      0.401     8.862 r  u_soc/u_engine/acc_reg[10][11]_i_2/CO[3]
                         net (fo=1, routed)           0.000     8.862    u_soc/u_engine/acc_reg[10][11]_i_2_n_0
    SLICE_X53Y38         CARRY4 (Prop_carry4_CI_O[1])
                                                      0.334     9.196 r  u_soc/u_engine/acc_reg[10][15]_i_2/O[1]
                         net (fo=196, routed)         1.577    10.773    u_soc/u_engine/acc_reg[10][15]_i_2_n_6
    SLICE_X65Y51         LUT3 (Prop_lut3_I0_O)        0.303    11.076 r  u_soc/u_engine/acc[55][13]_i_3/O
                         net (fo=2, routed)           0.578    11.654    u_soc/u_engine/acc__0[1309]
    SLICE_X67Y51         LUT6 (Prop_lut6_I0_O)        0.124    11.778 r  u_soc/u_engine/acc[55][13]_i_2/O
                         net (fo=1, routed)           0.428    12.206    u_soc/u_engine/acc[55][13]_i_2_n_0
    SLICE_X65Y51         LUT6 (Prop_lut6_I1_O)        0.124    12.330 r  u_soc/u_engine/acc[55][13]_i_1/O
                         net (fo=1, routed)           0.000    12.330    u_soc/u_engine/acc[55][13]_i_1_n_0
    SLICE_X65Y51         FDRE                                         r  u_soc/u_engine/acc_reg[55][13]/D
  -------------------------------------------------------------------    -------------------

                         (clock clk_fpga_0 rise edge)
                                                     10.000    10.000 r  
    PS7_X0Y0             PS7                          0.000    10.000 r  u_bd/ps_bd_i/ps7/inst/PS7_i/FCLKCLK[0]
                         net (fo=1, routed)           1.088    11.088    u_bd/ps_bd_i/ps7/inst/FCLK_CLK_unbuffered[0]
    BUFGCTRL_X0Y16       BUFG (Prop_bufg_I_O)         0.091    11.179 r  u_bd/ps_bd_i/ps7/inst/buffer_fclk_clk_0.FCLK_CLK_0_BUFG/O
                         net (fo=7163, routed)        1.542    12.721    u_soc/u_engine/FCLK_CLK0
    SLICE_X65Y51         FDRE                                         r  u_soc/u_engine/acc_reg[55][13]/C
                         clock pessimism              0.115    12.836    
                         clock uncertainty           -0.154    12.682    
    SLICE_X65Y51         FDRE (Setup_fdre_C_D)        0.029    12.711    u_soc/u_engine/acc_reg[55][13]
  -------------------------------------------------------------------
                         required time                         12.711    
                         arrival time                         -12.330    
  -------------------------------------------------------------------
                         slack                                  0.380    

Slack (MET) :             0.389ns  (required time - arrival time)
  Source:                 u_soc/u_engine/acc[100][17]_i_6_psbram/C
                            (rising edge-triggered cell FDRE clocked by clk_fpga_0  {rise@0.000ns fall@5.000ns period=10.000ns})
  Destination:            u_soc/u_engine/acc_reg[25][16]/D
                            (rising edge-triggered cell FDRE clocked by clk_fpga_0  {rise@0.000ns fall@5.000ns period=10.000ns})
  Path Group:             clk_fpga_0
  Path Type:              Setup (Max at Slow Process Corner)
  Requirement:            10.000ns  (clk_fpga_0 rise@10.000ns - clk_fpga_0 rise@0.000ns)
  Data Path Delay:        9.324ns  (logic 2.826ns (30.308%)  route 6.498ns (69.692%))
  Logic Levels:           10  (CARRY4=2 LUT3=1 LUT5=1 LUT6=4 MUXF7=1 MUXF8=1)
  Clock Path Skew:        -0.163ns (DCD - SCD + CPR)
    Destination Clock Delay (DCD):    2.659ns = ( 12.659 - 10.000 ) 
    Source Clock Delay      (SCD):    2.937ns
    Clock Pessimism Removal (CPR):    0.115ns
  Clock Uncertainty:      0.154ns  ((TSJ^2 + TIJ^2)^1/2 + DJ) / 2 + PE
    Total System Jitter     (TSJ):    0.071ns
    Total Input Jitter      (TIJ):    0.300ns
    Discrete Jitter          (DJ):    0.000ns
    Phase Error              (PE):    0.000ns

    Location             Delay type                Incr(ns)  Path(ns)    Netlist Resource(s)
  -------------------------------------------------------------------    -------------------
                         (clock clk_fpga_0 rise edge)
                                                      0.000     0.000 r  
    PS7_X0Y0             PS7                          0.000     0.000 r  u_bd/ps_bd_i/ps7/inst/PS7_i/FCLKCLK[0]
                         net (fo=1, routed)           1.193     1.193    u_bd/ps_bd_i/ps7/inst/FCLK_CLK_unbuffered[0]
    BUFGCTRL_X0Y16       BUFG (Prop_bufg_I_O)         0.101     1.294 r  u_bd/ps_bd_i/ps7/inst/buffer_fclk_clk_0.FCLK_CLK_0_BUFG/O
                         net (fo=7163, routed)        1.643     2.937    u_soc/u_engine/FCLK_CLK0
    SLICE_X51Y29         FDRE                                         r  u_soc/u_engine/acc[100][17]_i_6_psbram/C
  -------------------------------------------------------------------    -------------------
    SLICE_X51Y29         FDRE (Prop_fdre_C_Q)         0.419     3.356 r  u_soc/u_engine/acc[100][17]_i_6_psbram/Q
                         net (fo=908, routed)         1.884     5.240    u_soc/u_engine/ev_syn[1]
    SLICE_X31Y45         LUT6 (Prop_lut6_I2_O)        0.299     5.539 r  u_soc/u_engine/acc[10][15]_i_188/O
                         net (fo=1, routed)           0.000     5.539    u_soc/u_engine/acc[10][15]_i_188_n_0
    SLICE_X31Y45         MUXF7 (Prop_muxf7_I1_O)      0.245     5.784 r  u_soc/u_engine/acc_reg[10][15]_i_87/O
                         net (fo=1, routed)           0.000     5.784    u_soc/u_engine/acc_reg[10][15]_i_87_n_0
    SLICE_X31Y45         MUXF8 (Prop_muxf8_I0_O)      0.104     5.888 r  u_soc/u_engine/acc_reg[10][15]_i_37/O
                         net (fo=1, routed)           1.073     6.961    u_soc/u_engine/acc_reg[10][15]_i_37_n_0
    SLICE_X36Y39         LUT6 (Prop_lut6_I3_O)        0.316     7.277 r  u_soc/u_engine/acc[10][15]_i_15/O
                         net (fo=3, routed)           1.142     8.419    u_soc/u_engine/acc[10][15]_i_15_n_0
    SLICE_X53Y38         LUT5 (Prop_lut5_I3_O)        0.124     8.543 r  u_soc/u_engine/acc[10][15]_i_9/O
                         net (fo=1, routed)           0.000     8.543    u_soc/u_engine/acc[10][15]_i_9_n_0
    SLICE_X53Y38         CARRY4 (Prop_carry4_S[1]_CO[3])
                                                      0.550     9.093 r  u_soc/u_engine/acc_reg[10][15]_i_2/CO[3]
                         net (fo=1, routed)           0.000     9.093    u_soc/u_engine/acc_reg[10][15]_i_2_n_0
    SLICE_X53Y39         CARRY4 (Prop_carry4_CI_O[0])
                                                      0.222     9.315 r  u_soc/u_engine/acc_reg[10][17]_i_4/O[0]
                         net (fo=196, routed)         1.358    10.674    u_soc/u_engine/acc_reg[10][17]_i_4_n_7
    SLICE_X42Y52         LUT3 (Prop_lut3_I0_O)        0.299    10.973 r  u_soc/u_engine/acc[25][16]_i_3/O
                         net (fo=2, routed)           0.634    11.606    u_soc/u_engine/acc[1852]
    SLICE_X43Y52         LUT6 (Prop_lut6_I0_O)        0.124    11.730 r  u_soc/u_engine/acc[25][16]_i_2/O
                         net (fo=1, routed)           0.407    12.137    u_soc/u_engine/acc[25][16]_i_2_n_0
    SLICE_X43Y52         LUT6 (Prop_lut6_I1_O)        0.124    12.261 r  u_soc/u_engine/acc[25][16]_i_1/O
                         net (fo=1, routed)           0.000    12.261    u_soc/u_engine/acc[25][16]_i_1_n_0
    SLICE_X43Y52         FDRE                                         r  u_soc/u_engine/acc_reg[25][16]/D
  -------------------------------------------------------------------    -------------------

                         (clock clk_fpga_0 rise edge)
                                                     10.000    10.000 r  
    PS7_X0Y0             PS7                          0.000    10.000 r  u_bd/ps_bd_i/ps7/inst/PS7_i/FCLKCLK[0]
                         net (fo=1, routed)           1.088    11.088    u_bd/ps_bd_i/ps7/inst/FCLK_CLK_unbuffered[0]
    BUFGCTRL_X0Y16       BUFG (Prop_bufg_I_O)         0.091    11.179 r  u_bd/ps_bd_i/ps7/inst/buffer_fclk_clk_0.FCLK_CLK_0_BUFG/O
                         net (fo=7163, routed)        1.480    12.659    u_soc/u_engine/FCLK_CLK0
    SLICE_X43Y52         FDRE                                         r  u_soc/u_engine/acc_reg[25][16]/C
                         clock pessimism              0.115    12.774    
                         clock uncertainty           -0.154    12.620    
    SLICE_X43Y52         FDRE (Setup_fdre_C_D)        0.031    12.651    u_soc/u_engine/acc_reg[25][16]
  -------------------------------------------------------------------
                         required time                         12.651    
                         arrival time                         -12.261    
  -------------------------------------------------------------------
                         slack                                  0.389    

Slack (MET) :             0.402ns  (required time - arrival time)
  Source:                 u_soc/u_engine/np0_mem_reg/CLKARDCLK
                            (rising edge-triggered cell RAMB18E1 clocked by clk_fpga_0  {rise@0.000ns fall@5.000ns period=10.000ns})
  Destination:            u_soc/u_engine/p2_prod_reg__0/B[14]
                            (rising edge-triggered cell DSP48E1 clocked by clk_fpga_0  {rise@0.000ns fall@5.000ns period=10.000ns})
  Path Group:             clk_fpga_0
  Path Type:              Setup (Max at Slow Process Corner)
  Requirement:            10.000ns  (clk_fpga_0 rise@10.000ns - clk_fpga_0 rise@0.000ns)
  Data Path Delay:        8.636ns  (logic 3.876ns (44.880%)  route 4.760ns (55.120%))
  Logic Levels:           5  (CARRY4=2 LUT2=1 LUT4=1 LUT6=1)
  Clock Path Skew:        -0.176ns (DCD - SCD + CPR)
    Destination Clock Delay (DCD):    2.760ns = ( 12.760 - 10.000 ) 
    Source Clock Delay      (SCD):    3.064ns
    Clock Pessimism Removal (CPR):    0.129ns
  Clock Uncertainty:      0.154ns  ((TSJ^2 + TIJ^2)^1/2 + DJ) / 2 + PE
    Total System Jitter     (TSJ):    0.071ns
    Total Input Jitter      (TIJ):    0.300ns
    Discrete Jitter          (DJ):    0.000ns
    Phase Error              (PE):    0.000ns

    Location             Delay type                Incr(ns)  Path(ns)    Netlist Resource(s)
  -------------------------------------------------------------------    -------------------
                         (clock clk_fpga_0 rise edge)
                                                      0.000     0.000 r  
    PS7_X0Y0             PS7                          0.000     0.000 r  u_bd/ps_bd_i/ps7/inst/PS7_i/FCLKCLK[0]
                         net (fo=1, routed)           1.193     1.193    u_bd/ps_bd_i/ps7/inst/FCLK_CLK_unbuffered[0]
    BUFGCTRL_X0Y16       BUFG (Prop_bufg_I_O)         0.101     1.294 r  u_bd/ps_bd_i/ps7/inst/buffer_fclk_clk_0.FCLK_CLK_0_BUFG/O
                         net (fo=7163, routed)        1.770     3.064    u_soc/u_engine/FCLK_CLK0
    RAMB18_X3Y1          RAMB18E1                                     r  u_soc/u_engine/np0_mem_reg/CLKARDCLK
  -------------------------------------------------------------------    -------------------
    RAMB18_X3Y1          RAMB18E1 (Prop_ramb18e1_CLKARDCLK_DOBDO[11])
                                                      2.454     5.518 r  u_soc/u_engine/np0_mem_reg/DOBDO[11]
                         net (fo=40, routed)          1.486     7.004    u_soc/u_engine/i_ka[3]
    SLICE_X53Y8          LUT4 (Prop_lut4_I3_O)        0.152     7.156 f  u_soc/u_engine/p2_prod_reg_i_48/O
                         net (fo=5, routed)           1.089     8.245    u_soc/u_engine/p2_prod_reg_i_48_n_0
    SLICE_X54Y10         LUT6 (Prop_lut6_I5_O)        0.326     8.571 f  u_soc/u_engine/p2_prod_reg_i_35/O
                         net (fo=1, routed)           0.492     9.064    u_soc/u_engine/i_anew1[24]
    SLICE_X54Y9          LUT2 (Prop_lut2_I1_O)        0.124     9.188 r  u_soc/u_engine/p2_prod_reg_i_13/O
                         net (fo=1, routed)           0.613     9.800    u_soc/u_engine/p2_prod_reg_i_13_n_0
    SLICE_X52Y9          CARRY4 (Prop_carry4_DI[1]_CO[3])
                                                      0.507    10.307 r  u_soc/u_engine/p2_prod_reg_i_2/CO[3]
                         net (fo=1, routed)           0.000    10.307    u_soc/u_engine/p2_prod_reg_i_2_n_0
    SLICE_X52Y10         CARRY4 (Prop_carry4_CI_O[3])
                                                      0.313    10.620 r  u_soc/u_engine/p2_prod_reg_i_1/O[3]
                         net (fo=3, routed)           1.081    11.701    u_soc/u_engine/i_anew[31]
    DSP48_X2Y5           DSP48E1                                      r  u_soc/u_engine/p2_prod_reg__0/B[14]
  -------------------------------------------------------------------    -------------------

                         (clock clk_fpga_0 rise edge)
                                                     10.000    10.000 r  
    PS7_X0Y0             PS7                          0.000    10.000 r  u_bd/ps_bd_i/ps7/inst/PS7_i/FCLKCLK[0]
                         net (fo=1, routed)           1.088    11.088    u_bd/ps_bd_i/ps7/inst/FCLK_CLK_unbuffered[0]
    BUFGCTRL_X0Y16       BUFG (Prop_bufg_I_O)         0.091    11.179 r  u_bd/ps_bd_i/ps7/inst/buffer_fclk_clk_0.FCLK_CLK_0_BUFG/O
                         net (fo=7163, routed)        1.581    12.760    u_soc/u_engine/FCLK_CLK0
    DSP48_X2Y5           DSP48E1                                      r  u_soc/u_engine/p2_prod_reg__0/CLK
                         clock pessimism              0.129    12.889    
                         clock uncertainty           -0.154    12.735    
    DSP48_X2Y5           DSP48E1 (Setup_dsp48e1_CLK_B[14])
                                                     -0.632    12.103    u_soc/u_engine/p2_prod_reg__0
  -------------------------------------------------------------------
                         required time                         12.103    
                         arrival time                         -11.701    
  -------------------------------------------------------------------
                         slack                                  0.402    

Slack (MET) :             0.411ns  (required time - arrival time)
  Source:                 u_soc/u_engine/acc[100][17]_i_6_psbram/C
                            (rising edge-triggered cell FDRE clocked by clk_fpga_0  {rise@0.000ns fall@5.000ns period=10.000ns})
  Destination:            u_soc/u_engine/acc_reg[28][14]/D
                            (rising edge-triggered cell FDRE clocked by clk_fpga_0  {rise@0.000ns fall@5.000ns period=10.000ns})
  Path Group:             clk_fpga_0
  Path Type:              Setup (Max at Slow Process Corner)
  Requirement:            10.000ns  (clk_fpga_0 rise@10.000ns - clk_fpga_0 rise@0.000ns)
  Data Path Delay:        9.290ns  (logic 2.873ns (30.926%)  route 6.417ns (69.074%))
  Logic Levels:           9  (CARRY4=1 LUT3=1 LUT5=1 LUT6=4 MUXF7=1 MUXF8=1)
  Clock Path Skew:        -0.176ns (DCD - SCD + CPR)
    Destination Clock Delay (DCD):    2.646ns = ( 12.646 - 10.000 ) 
    Source Clock Delay      (SCD):    2.937ns
    Clock Pessimism Removal (CPR):    0.115ns
  Clock Uncertainty:      0.154ns  ((TSJ^2 + TIJ^2)^1/2 + DJ) / 2 + PE
    Total System Jitter     (TSJ):    0.071ns
    Total Input Jitter      (TIJ):    0.300ns
    Discrete Jitter          (DJ):    0.000ns
    Phase Error              (PE):    0.000ns

    Location             Delay type                Incr(ns)  Path(ns)    Netlist Resource(s)
  -------------------------------------------------------------------    -------------------
                         (clock clk_fpga_0 rise edge)
                                                      0.000     0.000 r  
    PS7_X0Y0             PS7                          0.000     0.000 r  u_bd/ps_bd_i/ps7/inst/PS7_i/FCLKCLK[0]
                         net (fo=1, routed)           1.193     1.193    u_bd/ps_bd_i/ps7/inst/FCLK_CLK_unbuffered[0]
    BUFGCTRL_X0Y16       BUFG (Prop_bufg_I_O)         0.101     1.294 r  u_bd/ps_bd_i/ps7/inst/buffer_fclk_clk_0.FCLK_CLK_0_BUFG/O
                         net (fo=7163, routed)        1.643     2.937    u_soc/u_engine/FCLK_CLK0
    SLICE_X51Y29         FDRE                                         r  u_soc/u_engine/acc[100][17]_i_6_psbram/C
  -------------------------------------------------------------------    -------------------
    SLICE_X51Y29         FDRE (Prop_fdre_C_Q)         0.419     3.356 r  u_soc/u_engine/acc[100][17]_i_6_psbram/Q
                         net (fo=908, routed)         1.884     5.240    u_soc/u_engine/ev_syn[1]
    SLICE_X31Y45         LUT6 (Prop_lut6_I2_O)        0.299     5.539 r  u_soc/u_engine/acc[10][15]_i_188/O
                         net (fo=1, routed)           0.000     5.539    u_soc/u_engine/acc[10][15]_i_188_n_0
    SLICE_X31Y45         MUXF7 (Prop_muxf7_I1_O)      0.245     5.784 r  u_soc/u_engine/acc_reg[10][15]_i_87/O
                         net (fo=1, routed)           0.000     5.784    u_soc/u_engine/acc_reg[10][15]_i_87_n_0
    SLICE_X31Y45         MUXF8 (Prop_muxf8_I0_O)      0.104     5.888 r  u_soc/u_engine/acc_reg[10][15]_i_37/O
                         net (fo=1, routed)           1.073     6.961    u_soc/u_engine/acc_reg[10][15]_i_37_n_0
    SLICE_X36Y39         LUT6 (Prop_lut6_I3_O)        0.316     7.277 r  u_soc/u_engine/acc[10][15]_i_15/O
                         net (fo=3, routed)           1.142     8.419    u_soc/u_engine/acc[10][15]_i_15_n_0
    SLICE_X53Y38         LUT5 (Prop_lut5_I3_O)        0.124     8.543 r  u_soc/u_engine/acc[10][15]_i_9/O
                         net (fo=1, routed)           0.000     8.543    u_soc/u_engine/acc[10][15]_i_9_n_0
    SLICE_X53Y38         CARRY4 (Prop_carry4_S[1]_O[2])
                                                      0.580     9.123 r  u_soc/u_engine/acc_reg[10][15]_i_2/O[2]
                         net (fo=196, routed)         1.244    10.368    u_soc/u_engine/acc_reg[10][15]_i_2_n_5
    SLICE_X53Y52         LUT3 (Prop_lut3_I0_O)        0.330    10.698 r  u_soc/u_engine/acc[28][14]_i_3/O
                         net (fo=2, routed)           0.422    11.120    u_soc/u_engine/acc[1796]
    SLICE_X53Y53         LUT6 (Prop_lut6_I0_O)        0.332    11.452 r  u_soc/u_engine/acc[28][14]_i_2/O
                         net (fo=1, routed)           0.650    12.103    u_soc/u_engine/acc[28][14]_i_2_n_0
    SLICE_X53Y52         LUT6 (Prop_lut6_I1_O)        0.124    12.227 r  u_soc/u_engine/acc[28][14]_i_1/O
                         net (fo=1, routed)           0.000    12.227    u_soc/u_engine/acc[28][14]_i_1_n_0
    SLICE_X53Y52         FDRE                                         r  u_soc/u_engine/acc_reg[28][14]/D
  -------------------------------------------------------------------    -------------------

                         (clock clk_fpga_0 rise edge)
                                                     10.000    10.000 r  
    PS7_X0Y0             PS7                          0.000    10.000 r  u_bd/ps_bd_i/ps7/inst/PS7_i/FCLKCLK[0]
                         net (fo=1, routed)           1.088    11.088    u_bd/ps_bd_i/ps7/inst/FCLK_CLK_unbuffered[0]
    BUFGCTRL_X0Y16       BUFG (Prop_bufg_I_O)         0.091    11.179 r  u_bd/ps_bd_i/ps7/inst/buffer_fclk_clk_0.FCLK_CLK_0_BUFG/O
                         net (fo=7163, routed)        1.467    12.646    u_soc/u_engine/FCLK_CLK0
    SLICE_X53Y52         FDRE                                         r  u_soc/u_engine/acc_reg[28][14]/C
                         clock pessimism              0.115    12.761    
                         clock uncertainty           -0.154    12.607    
    SLICE_X53Y52         FDRE (Setup_fdre_C_D)        0.031    12.638    u_soc/u_engine/acc_reg[28][14]
  -------------------------------------------------------------------
                         required time                         12.638    
                         arrival time                         -12.227    
  -------------------------------------------------------------------
                         slack                                  0.411    

Slack (MET) :             0.422ns  (required time - arrival time)
  Source:                 u_soc/u_engine/np0_mem_reg/CLKARDCLK
                            (rising edge-triggered cell RAMB18E1 clocked by clk_fpga_0  {rise@0.000ns fall@5.000ns period=10.000ns})
  Destination:            u_soc/u_engine/p2_prod_reg/A[14]
                            (rising edge-triggered cell DSP48E1 clocked by clk_fpga_0  {rise@0.000ns fall@5.000ns period=10.000ns})
  Path Group:             clk_fpga_0
  Path Type:              Setup (Max at Slow Process Corner)
  Requirement:            10.000ns  (clk_fpga_0 rise@10.000ns - clk_fpga_0 rise@0.000ns)
  Data Path Delay:        8.699ns  (logic 3.876ns (44.554%)  route 4.823ns (55.446%))
  Logic Levels:           5  (CARRY4=2 LUT2=1 LUT4=1 LUT6=1)
  Clock Path Skew:        -0.181ns (DCD - SCD + CPR)
    Destination Clock Delay (DCD):    2.755ns = ( 12.755 - 10.000 ) 
    Source Clock Delay      (SCD):    3.064ns
    Clock Pessimism Removal (CPR):    0.129ns
  Clock Uncertainty:      0.154ns  ((TSJ^2 + TIJ^2)^1/2 + DJ) / 2 + PE
    Total System Jitter     (TSJ):    0.071ns
    Total Input Jitter      (TIJ):    0.300ns
    Discrete Jitter          (DJ):    0.000ns
    Phase Error              (PE):    0.000ns

    Location             Delay type                Incr(ns)  Path(ns)    Netlist Resource(s)
  -------------------------------------------------------------------    -------------------
                         (clock clk_fpga_0 rise edge)
                                                      0.000     0.000 r  
    PS7_X0Y0             PS7                          0.000     0.000 r  u_bd/ps_bd_i/ps7/inst/PS7_i/FCLKCLK[0]
                         net (fo=1, routed)           1.193     1.193    u_bd/ps_bd_i/ps7/inst/FCLK_CLK_unbuffered[0]
    BUFGCTRL_X0Y16       BUFG (Prop_bufg_I_O)         0.101     1.294 r  u_bd/ps_bd_i/ps7/inst/buffer_fclk_clk_0.FCLK_CLK_0_BUFG/O
                         net (fo=7163, routed)        1.770     3.064    u_soc/u_engine/FCLK_CLK0
    RAMB18_X3Y1          RAMB18E1                                     r  u_soc/u_engine/np0_mem_reg/CLKARDCLK
  -------------------------------------------------------------------    -------------------
    RAMB18_X3Y1          RAMB18E1 (Prop_ramb18e1_CLKARDCLK_DOBDO[11])
                                                      2.454     5.518 r  u_soc/u_engine/np0_mem_reg/DOBDO[11]
                         net (fo=40, routed)          1.486     7.004    u_soc/u_engine/i_ka[3]
    SLICE_X53Y8          LUT4 (Prop_lut4_I3_O)        0.152     7.156 f  u_soc/u_engine/p2_prod_reg_i_48/O
                         net (fo=5, routed)           1.089     8.245    u_soc/u_engine/p2_prod_reg_i_48_n_0
    SLICE_X54Y10         LUT6 (Prop_lut6_I5_O)        0.326     8.571 f  u_soc/u_engine/p2_prod_reg_i_35/O
                         net (fo=1, routed)           0.492     9.064    u_soc/u_engine/i_anew1[24]
    SLICE_X54Y9          LUT2 (Prop_lut2_I1_O)        0.124     9.188 r  u_soc/u_engine/p2_prod_reg_i_13/O
                         net (fo=1, routed)           0.613     9.800    u_soc/u_engine/p2_prod_reg_i_13_n_0
    SLICE_X52Y9          CARRY4 (Prop_carry4_DI[1]_CO[3])
                                                      0.507    10.307 r  u_soc/u_engine/p2_prod_reg_i_2/CO[3]
                         net (fo=1, routed)           0.000    10.307    u_soc/u_engine/p2_prod_reg_i_2_n_0
    SLICE_X52Y10         CARRY4 (Prop_carry4_CI_O[3])
                                                      0.313    10.620 r  u_soc/u_engine/p2_prod_reg_i_1/O[3]
                         net (fo=3, routed)           1.144    11.764    u_soc/u_engine/i_anew[31]
    DSP48_X2Y7           DSP48E1                                      r  u_soc/u_engine/p2_prod_reg/A[14]
  -------------------------------------------------------------------    -------------------

                         (clock clk_fpga_0 rise edge)
                                                     10.000    10.000 r  
    PS7_X0Y0             PS7                          0.000    10.000 r  u_bd/ps_bd_i/ps7/inst/PS7_i/FCLKCLK[0]
                         net (fo=1, routed)           1.088    11.088    u_bd/ps_bd_i/ps7/inst/FCLK_CLK_unbuffered[0]
    BUFGCTRL_X0Y16       BUFG (Prop_bufg_I_O)         0.091    11.179 r  u_bd/ps_bd_i/ps7/inst/buffer_fclk_clk_0.FCLK_CLK_0_BUFG/O
                         net (fo=7163, routed)        1.576    12.755    u_soc/u_engine/FCLK_CLK0
    DSP48_X2Y7           DSP48E1                                      r  u_soc/u_engine/p2_prod_reg/CLK
                         clock pessimism              0.129    12.884    
                         clock uncertainty           -0.154    12.730    
    DSP48_X2Y7           DSP48E1 (Setup_dsp48e1_CLK_A[14])
                                                     -0.544    12.186    u_soc/u_engine/p2_prod_reg
  -------------------------------------------------------------------
                         required time                         12.186    
                         arrival time                         -11.764    
  -------------------------------------------------------------------
                         slack                                  0.422    

Slack (MET) :             0.423ns  (required time - arrival time)
  Source:                 u_soc/u_cpu/mem_wdata_reg[2]/C
                            (rising edge-triggered cell FDRE clocked by clk_fpga_0  {rise@0.000ns fall@5.000ns period=10.000ns})
  Destination:            u_soc/u_engine/ring_mem_reg/DIADI[2]
                            (rising edge-triggered cell RAMB36E1 clocked by clk_fpga_0  {rise@0.000ns fall@5.000ns period=10.000ns})
  Path Group:             clk_fpga_0
  Path Type:              Setup (Max at Slow Process Corner)
  Requirement:            10.000ns  (clk_fpga_0 rise@10.000ns - clk_fpga_0 rise@0.000ns)
  Data Path Delay:        9.163ns  (logic 0.456ns (4.976%)  route 8.707ns (95.024%))
  Logic Levels:           0  
  Clock Path Skew:        -0.019ns (DCD - SCD + CPR)
    Destination Clock Delay (DCD):    2.803ns = ( 12.803 - 10.000 ) 
    Source Clock Delay      (SCD):    2.937ns
    Clock Pessimism Removal (CPR):    0.115ns
  Clock Uncertainty:      0.154ns  ((TSJ^2 + TIJ^2)^1/2 + DJ) / 2 + PE
    Total System Jitter     (TSJ):    0.071ns
    Total Input Jitter      (TIJ):    0.300ns
    Discrete Jitter          (DJ):    0.000ns
    Phase Error              (PE):    0.000ns

    Location             Delay type                Incr(ns)  Path(ns)    Netlist Resource(s)
  -------------------------------------------------------------------    -------------------
                         (clock clk_fpga_0 rise edge)
                                                      0.000     0.000 r  
    PS7_X0Y0             PS7                          0.000     0.000 r  u_bd/ps_bd_i/ps7/inst/PS7_i/FCLKCLK[0]
                         net (fo=1, routed)           1.193     1.193    u_bd/ps_bd_i/ps7/inst/FCLK_CLK_unbuffered[0]
    BUFGCTRL_X0Y16       BUFG (Prop_bufg_I_O)         0.101     1.294 r  u_bd/ps_bd_i/ps7/inst/buffer_fclk_clk_0.FCLK_CLK_0_BUFG/O
                         net (fo=7163, routed)        1.643     2.937    u_soc/u_cpu/FCLK_CLK0
    SLICE_X37Y82         FDRE                                         r  u_soc/u_cpu/mem_wdata_reg[2]/C
  -------------------------------------------------------------------    -------------------
    SLICE_X37Y82         FDRE (Prop_fdre_C_Q)         0.456     3.393 r  u_soc/u_cpu/mem_wdata_reg[2]/Q
                         net (fo=37, routed)          8.707    12.100    u_soc/u_engine/Q[2]
    RAMB36_X0Y9          RAMB36E1                                     r  u_soc/u_engine/ring_mem_reg/DIADI[2]
  -------------------------------------------------------------------    -------------------

                         (clock clk_fpga_0 rise edge)
                                                     10.000    10.000 r  
    PS7_X0Y0             PS7                          0.000    10.000 r  u_bd/ps_bd_i/ps7/inst/PS7_i/FCLKCLK[0]
                         net (fo=1, routed)           1.088    11.088    u_bd/ps_bd_i/ps7/inst/FCLK_CLK_unbuffered[0]
    BUFGCTRL_X0Y16       BUFG (Prop_bufg_I_O)         0.091    11.179 r  u_bd/ps_bd_i/ps7/inst/buffer_fclk_clk_0.FCLK_CLK_0_BUFG/O
                         net (fo=7163, routed)        1.624    12.803    u_soc/u_engine/FCLK_CLK0
    RAMB36_X0Y9          RAMB36E1                                     r  u_soc/u_engine/ring_mem_reg/CLKARDCLK
                         clock pessimism              0.115    12.918    
                         clock uncertainty           -0.154    12.764    
    RAMB36_X0Y9          RAMB36E1 (Setup_ramb36e1_CLKARDCLK_DIADI[2])
                                                     -0.241    12.523    u_soc/u_engine/ring_mem_reg
  -------------------------------------------------------------------
                         required time                         12.523    
                         arrival time                         -12.100    
  -------------------------------------------------------------------
                         slack                                  0.423    

Slack (MET) :             0.439ns  (required time - arrival time)
  Source:                 u_soc/u_engine/acc[100][17]_i_6_psbram/C
                            (rising edge-triggered cell FDRE clocked by clk_fpga_0  {rise@0.000ns fall@5.000ns period=10.000ns})
  Destination:            u_soc/u_engine/acc_reg[94][17]/D
                            (rising edge-triggered cell FDRE clocked by clk_fpga_0  {rise@0.000ns fall@5.000ns period=10.000ns})
  Path Group:             clk_fpga_0
  Path Type:              Setup (Max at Slow Process Corner)
  Requirement:            10.000ns  (clk_fpga_0 rise@10.000ns - clk_fpga_0 rise@0.000ns)
  Data Path Delay:        9.270ns  (logic 3.050ns (32.901%)  route 6.220ns (67.099%))
  Logic Levels:           9  (CARRY4=2 LUT3=1 LUT5=1 LUT6=3 MUXF7=1 MUXF8=1)
  Clock Path Skew:        -0.165ns (DCD - SCD + CPR)
    Destination Clock Delay (DCD):    2.657ns = ( 12.657 - 10.000 ) 
    Source Clock Delay      (SCD):    2.937ns
    Clock Pessimism Removal (CPR):    0.115ns
  Clock Uncertainty:      0.154ns  ((TSJ^2 + TIJ^2)^1/2 + DJ) / 2 + PE
    Total System Jitter     (TSJ):    0.071ns
    Total Input Jitter      (TIJ):    0.300ns
    Discrete Jitter          (DJ):    0.000ns
    Phase Error              (PE):    0.000ns

    Location             Delay type                Incr(ns)  Path(ns)    Netlist Resource(s)
  -------------------------------------------------------------------    -------------------
                         (clock clk_fpga_0 rise edge)
                                                      0.000     0.000 r  
    PS7_X0Y0             PS7                          0.000     0.000 r  u_bd/ps_bd_i/ps7/inst/PS7_i/FCLKCLK[0]
                         net (fo=1, routed)           1.193     1.193    u_bd/ps_bd_i/ps7/inst/FCLK_CLK_unbuffered[0]
    BUFGCTRL_X0Y16       BUFG (Prop_bufg_I_O)         0.101     1.294 r  u_bd/ps_bd_i/ps7/inst/buffer_fclk_clk_0.FCLK_CLK_0_BUFG/O
                         net (fo=7163, routed)        1.643     2.937    u_soc/u_engine/FCLK_CLK0
    SLICE_X51Y29         FDRE                                         r  u_soc/u_engine/acc[100][17]_i_6_psbram/C
  -------------------------------------------------------------------    -------------------
    SLICE_X51Y29         FDRE (Prop_fdre_C_Q)         0.419     3.356 r  u_soc/u_engine/acc[100][17]_i_6_psbram/Q
                         net (fo=908, routed)         1.884     5.240    u_soc/u_engine/ev_syn[1]
    SLICE_X31Y45         LUT6 (Prop_lut6_I2_O)        0.299     5.539 r  u_soc/u_engine/acc[10][15]_i_188/O
                         net (fo=1, routed)           0.000     5.539    u_soc/u_engine/acc[10][15]_i_188_n_0
    SLICE_X31Y45         MUXF7 (Prop_muxf7_I1_O)      0.245     5.784 r  u_soc/u_engine/acc_reg[10][15]_i_87/O
                         net (fo=1, routed)           0.000     5.784    u_soc/u_engine/acc_reg[10][15]_i_87_n_0
    SLICE_X31Y45         MUXF8 (Prop_muxf8_I0_O)      0.104     5.888 r  u_soc/u_engine/acc_reg[10][15]_i_37/O
                         net (fo=1, routed)           1.073     6.961    u_soc/u_engine/acc_reg[10][15]_i_37_n_0
    SLICE_X36Y39         LUT6 (Prop_lut6_I3_O)        0.316     7.277 r  u_soc/u_engine/acc[10][15]_i_15/O
                         net (fo=3, routed)           1.142     8.419    u_soc/u_engine/acc[10][15]_i_15_n_0
    SLICE_X53Y38         LUT5 (Prop_lut5_I3_O)        0.124     8.543 r  u_soc/u_engine/acc[10][15]_i_9/O
                         net (fo=1, routed)           0.000     8.543    u_soc/u_engine/acc[10][15]_i_9_n_0
    SLICE_X53Y38         CARRY4 (Prop_carry4_S[1]_CO[3])
                                                      0.550     9.093 r  u_soc/u_engine/acc_reg[10][15]_i_2/CO[3]
                         net (fo=1, routed)           0.000     9.093    u_soc/u_engine/acc_reg[10][15]_i_2_n_0
    SLICE_X53Y39         CARRY4 (Prop_carry4_CI_O[1])
                                                      0.334     9.427 r  u_soc/u_engine/acc_reg[10][17]_i_4/O[1]
                         net (fo=196, routed)         1.564    10.991    u_soc/u_engine/acc_reg[10][17]_i_4_n_6
    SLICE_X48Y54         LUT3 (Prop_lut3_I0_O)        0.332    11.323 r  u_soc/u_engine/acc[94][17]_i_2/O
                         net (fo=1, routed)           0.557    11.880    u_soc/u_engine/acc[611]
    SLICE_X47Y55         LUT6 (Prop_lut6_I0_O)        0.327    12.207 r  u_soc/u_engine/acc[94][17]_i_1/O
                         net (fo=1, routed)           0.000    12.207    u_soc/u_engine/acc[94][17]_i_1_n_0
    SLICE_X47Y55         FDRE                                         r  u_soc/u_engine/acc_reg[94][17]/D
  -------------------------------------------------------------------    -------------------

                         (clock clk_fpga_0 rise edge)
                                                     10.000    10.000 r  
    PS7_X0Y0             PS7                          0.000    10.000 r  u_bd/ps_bd_i/ps7/inst/PS7_i/FCLKCLK[0]
                         net (fo=1, routed)           1.088    11.088    u_bd/ps_bd_i/ps7/inst/FCLK_CLK_unbuffered[0]
    BUFGCTRL_X0Y16       BUFG (Prop_bufg_I_O)         0.091    11.179 r  u_bd/ps_bd_i/ps7/inst/buffer_fclk_clk_0.FCLK_CLK_0_BUFG/O
                         net (fo=7163, routed)        1.478    12.657    u_soc/u_engine/FCLK_CLK0
    SLICE_X47Y55         FDRE                                         r  u_soc/u_engine/acc_reg[94][17]/C
                         clock pessimism              0.115    12.772    
                         clock uncertainty           -0.154    12.618    
    SLICE_X47Y55         FDRE (Setup_fdre_C_D)        0.029    12.647    u_soc/u_engine/acc_reg[94][17]
  -------------------------------------------------------------------
                         required time                         12.647    
                         arrival time                         -12.207    
  -------------------------------------------------------------------
                         slack                                  0.439    





Min Delay Paths
--------------------------------------------------------------------------------------
Slack (MET) :             0.041ns  (arrival time - required time)
  Source:                 u_soc/u_engine/p1_theta_reg[9]/C
                            (rising edge-triggered cell FDRE clocked by clk_fpga_0  {rise@0.000ns fall@5.000ns period=10.000ns})
  Destination:            u_soc/u_engine/p2_theta_reg[9]/D
                            (rising edge-triggered cell FDRE clocked by clk_fpga_0  {rise@0.000ns fall@5.000ns period=10.000ns})
  Path Group:             clk_fpga_0
  Path Type:              Hold (Min at Fast Process Corner)
  Requirement:            0.000ns  (clk_fpga_0 rise@0.000ns - clk_fpga_0 rise@0.000ns)
  Data Path Delay:        0.380ns  (logic 0.141ns (37.136%)  route 0.239ns (62.864%))
  Logic Levels:           0  
  Clock Path Skew:        0.266ns (DCD - SCD - CPR)
    Destination Clock Delay (DCD):    1.193ns
    Source Clock Delay      (SCD):    0.892ns
    Clock Pessimism Removal (CPR):    0.035ns

    Location             Delay type                Incr(ns)  Path(ns)    Netlist Resource(s)
  -------------------------------------------------------------------    -------------------
                         (clock clk_fpga_0 rise edge)
                                                      0.000     0.000 r  
    PS7_X0Y0             PS7                          0.000     0.000 r  u_bd/ps_bd_i/ps7/inst/PS7_i/FCLKCLK[0]
                         net (fo=1, routed)           0.310     0.310    u_bd/ps_bd_i/ps7/inst/FCLK_CLK_unbuffered[0]
    BUFGCTRL_X0Y16       BUFG (Prop_bufg_I_O)         0.026     0.336 r  u_bd/ps_bd_i/ps7/inst/buffer_fclk_clk_0.FCLK_CLK_0_BUFG/O
                         net (fo=7163, routed)        0.556     0.891    u_soc/u_engine/FCLK_CLK0
    SLICE_X51Y10         FDRE                                         r  u_soc/u_engine/p1_theta_reg[9]/C
  -------------------------------------------------------------------    -------------------
    SLICE_X51Y10         FDRE (Prop_fdre_C_Q)         0.141     1.033 r  u_soc/u_engine/p1_theta_reg[9]/Q
                         net (fo=1, routed)           0.239     1.271    u_soc/u_engine/p1_theta[9]
    SLICE_X40Y10         FDRE                                         r  u_soc/u_engine/p2_theta_reg[9]/D
  -------------------------------------------------------------------    -------------------

                         (clock clk_fpga_0 rise edge)
                                                      0.000     0.000 r  
    PS7_X0Y0             PS7                          0.000     0.000 r  u_bd/ps_bd_i/ps7/inst/PS7_i/FCLKCLK[0]
                         net (fo=1, routed)           0.337     0.337    u_bd/ps_bd_i/ps7/inst/FCLK_CLK_unbuffered[0]
    BUFGCTRL_X0Y16       BUFG (Prop_bufg_I_O)         0.029     0.366 r  u_bd/ps_bd_i/ps7/inst/buffer_fclk_clk_0.FCLK_CLK_0_BUFG/O
                         net (fo=7163, routed)        0.827     1.193    u_soc/u_engine/FCLK_CLK0
    SLICE_X40Y10         FDRE                                         r  u_soc/u_engine/p2_theta_reg[9]/C
                         clock pessimism             -0.035     1.158    
    SLICE_X40Y10         FDRE (Hold_fdre_C_D)         0.072     1.230    u_soc/u_engine/p2_theta_reg[9]
  -------------------------------------------------------------------
                         required time                         -1.230    
                         arrival time                           1.271    
  -------------------------------------------------------------------
                         slack                                  0.041    

Slack (MET) :             0.042ns  (arrival time - required time)
  Source:                 u_bd/ps_bd_i/pc0/inst/gen_axilite.gen_b2s_conv.axilite_b2s/WR.aw_channel_0/s_awid_r_reg[10]/C
                            (rising edge-triggered cell FDRE clocked by clk_fpga_0  {rise@0.000ns fall@5.000ns period=10.000ns})
  Destination:            u_bd/ps_bd_i/pc0/inst/gen_axilite.gen_b2s_conv.axilite_b2s/WR.b_channel_0/bid_fifo_0/memory_reg[3][18]_srl4/D
                            (rising edge-triggered cell SRL16E clocked by clk_fpga_0  {rise@0.000ns fall@5.000ns period=10.000ns})
  Path Group:             clk_fpga_0
  Path Type:              Hold (Min at Fast Process Corner)
  Requirement:            0.000ns  (clk_fpga_0 rise@0.000ns - clk_fpga_0 rise@0.000ns)
  Data Path Delay:        0.319ns  (logic 0.141ns (44.201%)  route 0.178ns (55.799%))
  Logic Levels:           0  
  Clock Path Skew:        0.183ns (DCD - SCD - CPR)
    Destination Clock Delay (DCD):    1.210ns
    Source Clock Delay      (SCD):    0.992ns
    Clock Pessimism Removal (CPR):    0.035ns

    Location             Delay type                Incr(ns)  Path(ns)    Netlist Resource(s)
  -------------------------------------------------------------------    -------------------
                         (clock clk_fpga_0 rise edge)
                                                      0.000     0.000 r  
    PS7_X0Y0             PS7                          0.000     0.000 r  u_bd/ps_bd_i/ps7/inst/PS7_i/FCLKCLK[0]
                         net (fo=1, routed)           0.310     0.310    u_bd/ps_bd_i/ps7/inst/FCLK_CLK_unbuffered[0]
    BUFGCTRL_X0Y16       BUFG (Prop_bufg_I_O)         0.026     0.336 r  u_bd/ps_bd_i/ps7/inst/buffer_fclk_clk_0.FCLK_CLK_0_BUFG/O
                         net (fo=7163, routed)        0.656     0.992    u_bd/ps_bd_i/pc0/inst/gen_axilite.gen_b2s_conv.axilite_b2s/WR.aw_channel_0/aclk
    SLICE_X27Y102        FDRE                                         r  u_bd/ps_bd_i/pc0/inst/gen_axilite.gen_b2s_conv.axilite_b2s/WR.aw_channel_0/s_awid_r_reg[10]/C
  -------------------------------------------------------------------    -------------------
    SLICE_X27Y102        FDRE (Prop_fdre_C_Q)         0.141     1.133 r  u_bd/ps_bd_i/pc0/inst/gen_axilite.gen_b2s_conv.axilite_b2s/WR.aw_channel_0/s_awid_r_reg[10]/Q
                         net (fo=1, routed)           0.178     1.311    u_bd/ps_bd_i/pc0/inst/gen_axilite.gen_b2s_conv.axilite_b2s/WR.b_channel_0/bid_fifo_0/in[14]
    SLICE_X26Y99         SRL16E                                       r  u_bd/ps_bd_i/pc0/inst/gen_axilite.gen_b2s_conv.axilite_b2s/WR.b_channel_0/bid_fifo_0/memory_reg[3][18]_srl4/D
  -------------------------------------------------------------------    -------------------

                         (clock clk_fpga_0 rise edge)
                                                      0.000     0.000 r  
    PS7_X0Y0             PS7                          0.000     0.000 r  u_bd/ps_bd_i/ps7/inst/PS7_i/FCLKCLK[0]
                         net (fo=1, routed)           0.337     0.337    u_bd/ps_bd_i/ps7/inst/FCLK_CLK_unbuffered[0]
    BUFGCTRL_X0Y16       BUFG (Prop_bufg_I_O)         0.029     0.366 r  u_bd/ps_bd_i/ps7/inst/buffer_fclk_clk_0.FCLK_CLK_0_BUFG/O
                         net (fo=7163, routed)        0.844     1.210    u_bd/ps_bd_i/pc0/inst/gen_axilite.gen_b2s_conv.axilite_b2s/WR.b_channel_0/bid_fifo_0/aclk
    SLICE_X26Y99         SRL16E                                       r  u_bd/ps_bd_i/pc0/inst/gen_axilite.gen_b2s_conv.axilite_b2s/WR.b_channel_0/bid_fifo_0/memory_reg[3][18]_srl4/CLK
                         clock pessimism             -0.035     1.175    
    SLICE_X26Y99         SRL16E (Hold_srl16e_CLK_D)
                                                      0.094     1.269    u_bd/ps_bd_i/pc0/inst/gen_axilite.gen_b2s_conv.axilite_b2s/WR.b_channel_0/bid_fifo_0/memory_reg[3][18]_srl4
  -------------------------------------------------------------------
                         required time                         -1.269    
                         arrival time                           1.311    
  -------------------------------------------------------------------
                         slack                                  0.042    

Slack (MET) :             0.052ns  (arrival time - required time)
  Source:                 u_soc/u_engine/o_reg[3][7]/C
                            (rising edge-triggered cell FDRE clocked by clk_fpga_0  {rise@0.000ns fall@5.000ns period=10.000ns})
  Destination:            u_soc/u_engine/vo_reg[3][7]/D
                            (rising edge-triggered cell FDRE clocked by clk_fpga_0  {rise@0.000ns fall@5.000ns period=10.000ns})
  Path Group:             clk_fpga_0
  Path Type:              Hold (Min at Fast Process Corner)
  Requirement:            0.000ns  (clk_fpga_0 rise@0.000ns - clk_fpga_0 rise@0.000ns)
  Data Path Delay:        0.364ns  (logic 0.164ns (45.018%)  route 0.200ns (54.982%))
  Logic Levels:           0  
  Clock Path Skew:        0.259ns (DCD - SCD - CPR)
    Destination Clock Delay (DCD):    1.185ns
    Source Clock Delay      (SCD):    0.891ns
    Clock Pessimism Removal (CPR):    0.035ns

    Location             Delay type                Incr(ns)  Path(ns)    Netlist Resource(s)
  -------------------------------------------------------------------    -------------------
                         (clock clk_fpga_0 rise edge)
                                                      0.000     0.000 r  
    PS7_X0Y0             PS7                          0.000     0.000 r  u_bd/ps_bd_i/ps7/inst/PS7_i/FCLKCLK[0]
                         net (fo=1, routed)           0.310     0.310    u_bd/ps_bd_i/ps7/inst/FCLK_CLK_unbuffered[0]
    BUFGCTRL_X0Y16       BUFG (Prop_bufg_I_O)         0.026     0.336 r  u_bd/ps_bd_i/ps7/inst/buffer_fclk_clk_0.FCLK_CLK_0_BUFG/O
                         net (fo=7163, routed)        0.555     0.891    u_soc/u_engine/FCLK_CLK0
    SLICE_X42Y58         FDRE                                         r  u_soc/u_engine/o_reg[3][7]/C
  -------------------------------------------------------------------    -------------------
    SLICE_X42Y58         FDRE (Prop_fdre_C_Q)         0.164     1.055 r  u_soc/u_engine/o_reg[3][7]/Q
                         net (fo=6, routed)           0.200     1.255    u_soc/u_engine/o_reg[3]_19[7]
    SLICE_X50Y57         FDRE                                         r  u_soc/u_engine/vo_reg[3][7]/D
  -------------------------------------------------------------------    -------------------

                         (clock clk_fpga_0 rise edge)
                                                      0.000     0.000 r  
    PS7_X0Y0             PS7                          0.000     0.000 r  u_bd/ps_bd_i/ps7/inst/PS7_i/FCLKCLK[0]
                         net (fo=1, routed)           0.337     0.337    u_bd/ps_bd_i/ps7/inst/FCLK_CLK_unbuffered[0]
    BUFGCTRL_X0Y16       BUFG (Prop_bufg_I_O)         0.029     0.366 r  u_bd/ps_bd_i/ps7/inst/buffer_fclk_clk_0.FCLK_CLK_0_BUFG/O
                         net (fo=7163, routed)        0.819     1.185    u_soc/u_engine/FCLK_CLK0
    SLICE_X50Y57         FDRE                                         r  u_soc/u_engine/vo_reg[3][7]/C
                         clock pessimism             -0.035     1.150    
    SLICE_X50Y57         FDRE (Hold_fdre_C_D)         0.053     1.203    u_soc/u_engine/vo_reg[3][7]
  -------------------------------------------------------------------
                         required time                         -1.203    
                         arrival time                           1.255    
  -------------------------------------------------------------------
                         slack                                  0.052    

Slack (MET) :             0.056ns  (arrival time - required time)
  Source:                 u_soc/u_cpu/count_instr_reg[8]/C
                            (rising edge-triggered cell FDRE clocked by clk_fpga_0  {rise@0.000ns fall@5.000ns period=10.000ns})
  Destination:            u_soc/u_cpu/count_instr_reg[12]/D
                            (rising edge-triggered cell FDRE clocked by clk_fpga_0  {rise@0.000ns fall@5.000ns period=10.000ns})
  Path Group:             clk_fpga_0
  Path Type:              Hold (Min at Fast Process Corner)
  Requirement:            0.000ns  (clk_fpga_0 rise@0.000ns - clk_fpga_0 rise@0.000ns)
  Data Path Delay:        0.510ns  (logic 0.392ns (76.853%)  route 0.118ns (23.147%))
  Logic Levels:           2  (CARRY4=2)
  Clock Path Skew:        0.349ns (DCD - SCD - CPR)
    Destination Clock Delay (DCD):    1.277ns
    Source Clock Delay      (SCD):    0.893ns
    Clock Pessimism Removal (CPR):    0.035ns

    Location             Delay type                Incr(ns)  Path(ns)    Netlist Resource(s)
  -------------------------------------------------------------------    -------------------
                         (clock clk_fpga_0 rise edge)
                                                      0.000     0.000 r  
    PS7_X0Y0             PS7                          0.000     0.000 r  u_bd/ps_bd_i/ps7/inst/PS7_i/FCLKCLK[0]
                         net (fo=1, routed)           0.310     0.310    u_bd/ps_bd_i/ps7/inst/FCLK_CLK_unbuffered[0]
    BUFGCTRL_X0Y16       BUFG (Prop_bufg_I_O)         0.026     0.336 r  u_bd/ps_bd_i/ps7/inst/buffer_fclk_clk_0.FCLK_CLK_0_BUFG/O
                         net (fo=7163, routed)        0.557     0.893    u_soc/u_cpu/FCLK_CLK0
    SLICE_X39Y99         FDRE                                         r  u_soc/u_cpu/count_instr_reg[8]/C
  -------------------------------------------------------------------    -------------------
    SLICE_X39Y99         FDRE (Prop_fdre_C_Q)         0.141     1.034 r  u_soc/u_cpu/count_instr_reg[8]/Q
                         net (fo=2, routed)           0.117     1.151    u_soc/u_cpu/count_instr_reg[8]
    SLICE_X39Y99         CARRY4 (Prop_carry4_S[0]_CO[3])
                                                      0.197     1.348 r  u_soc/u_cpu/count_instr_reg[8]_i_1/CO[3]
                         net (fo=1, routed)           0.001     1.349    u_soc/u_cpu/count_instr_reg[8]_i_1_n_0
    SLICE_X39Y100        CARRY4 (Prop_carry4_CI_O[0])
                                                      0.054     1.403 r  u_soc/u_cpu/count_instr_reg[12]_i_1/O[0]
                         net (fo=1, routed)           0.000     1.403    u_soc/u_cpu/count_instr_reg[12]_i_1_n_7
    SLICE_X39Y100        FDRE                                         r  u_soc/u_cpu/count_instr_reg[12]/D
  -------------------------------------------------------------------    -------------------

                         (clock clk_fpga_0 rise edge)
                                                      0.000     0.000 r  
    PS7_X0Y0             PS7                          0.000     0.000 r  u_bd/ps_bd_i/ps7/inst/PS7_i/FCLKCLK[0]
                         net (fo=1, routed)           0.337     0.337    u_bd/ps_bd_i/ps7/inst/FCLK_CLK_unbuffered[0]
    BUFGCTRL_X0Y16       BUFG (Prop_bufg_I_O)         0.029     0.366 r  u_bd/ps_bd_i/ps7/inst/buffer_fclk_clk_0.FCLK_CLK_0_BUFG/O
                         net (fo=7163, routed)        0.911     1.277    u_soc/u_cpu/FCLK_CLK0
    SLICE_X39Y100        FDRE                                         r  u_soc/u_cpu/count_instr_reg[12]/C
                         clock pessimism             -0.035     1.242    
    SLICE_X39Y100        FDRE (Hold_fdre_C_D)         0.105     1.347    u_soc/u_cpu/count_instr_reg[12]
  -------------------------------------------------------------------
                         required time                         -1.347    
                         arrival time                           1.403    
  -------------------------------------------------------------------
                         slack                                  0.056    

Slack (MET) :             0.056ns  (arrival time - required time)
  Source:                 u_ps_if/s_axil_rdata_reg[28]/C
                            (rising edge-triggered cell FDRE clocked by clk_fpga_0  {rise@0.000ns fall@5.000ns period=10.000ns})
  Destination:            u_bd/ps_bd_i/pc0/inst/gen_axilite.gen_b2s_conv.axilite_b2s/RD.r_channel_0/rd_data_fifo_0/memory_reg[31][28]_srl32/D
                            (rising edge-triggered cell SRLC32E clocked by clk_fpga_0  {rise@0.000ns fall@5.000ns period=10.000ns})
  Path Group:             clk_fpga_0
  Path Type:              Hold (Min at Fast Process Corner)
  Requirement:            0.000ns  (clk_fpga_0 rise@0.000ns - clk_fpga_0 rise@0.000ns)
  Data Path Delay:        0.254ns  (logic 0.141ns (55.511%)  route 0.113ns (44.489%))
  Logic Levels:           0  
  Clock Path Skew:        0.015ns (DCD - SCD - CPR)
    Destination Clock Delay (DCD):    1.190ns
    Source Clock Delay      (SCD):    0.894ns
    Clock Pessimism Removal (CPR):    0.281ns

    Location             Delay type                Incr(ns)  Path(ns)    Netlist Resource(s)
  -------------------------------------------------------------------    -------------------
                         (clock clk_fpga_0 rise edge)
                                                      0.000     0.000 r  
    PS7_X0Y0             PS7                          0.000     0.000 r  u_bd/ps_bd_i/ps7/inst/PS7_i/FCLKCLK[0]
                         net (fo=1, routed)           0.310     0.310    u_bd/ps_bd_i/ps7/inst/FCLK_CLK_unbuffered[0]
    BUFGCTRL_X0Y16       BUFG (Prop_bufg_I_O)         0.026     0.336 r  u_bd/ps_bd_i/ps7/inst/buffer_fclk_clk_0.FCLK_CLK_0_BUFG/O
                         net (fo=7163, routed)        0.558     0.894    u_ps_if/FCLK_CLK0
    SLICE_X33Y93         FDRE                                         r  u_ps_if/s_axil_rdata_reg[28]/C
  -------------------------------------------------------------------    -------------------
    SLICE_X33Y93         FDRE (Prop_fdre_C_Q)         0.141     1.035 r  u_ps_if/s_axil_rdata_reg[28]/Q
                         net (fo=1, routed)           0.113     1.148    u_bd/ps_bd_i/pc0/inst/gen_axilite.gen_b2s_conv.axilite_b2s/RD.r_channel_0/rd_data_fifo_0/in[28]
    SLICE_X32Y92         SRLC32E                                      r  u_bd/ps_bd_i/pc0/inst/gen_axilite.gen_b2s_conv.axilite_b2s/RD.r_channel_0/rd_data_fifo_0/memory_reg[31][28]_srl32/D
  -------------------------------------------------------------------    -------------------

                         (clock clk_fpga_0 rise edge)
                                                      0.000     0.000 r  
    PS7_X0Y0             PS7                          0.000     0.000 r  u_bd/ps_bd_i/ps7/inst/PS7_i/FCLKCLK[0]
                         net (fo=1, routed)           0.337     0.337    u_bd/ps_bd_i/ps7/inst/FCLK_CLK_unbuffered[0]
    BUFGCTRL_X0Y16       BUFG (Prop_bufg_I_O)         0.029     0.366 r  u_bd/ps_bd_i/ps7/inst/buffer_fclk_clk_0.FCLK_CLK_0_BUFG/O
                         net (fo=7163, routed)        0.824     1.190    u_bd/ps_bd_i/pc0/inst/gen_axilite.gen_b2s_conv.axilite_b2s/RD.r_channel_0/rd_data_fifo_0/aclk
    SLICE_X32Y92         SRLC32E                                      r  u_bd/ps_bd_i/pc0/inst/gen_axilite.gen_b2s_conv.axilite_b2s/RD.r_channel_0/rd_data_fifo_0/memory_reg[31][28]_srl32/CLK
                         clock pessimism             -0.281     0.909    
    SLICE_X32Y92         SRLC32E (Hold_srlc32e_CLK_D)
                                                      0.183     1.092    u_bd/ps_bd_i/pc0/inst/gen_axilite.gen_b2s_conv.axilite_b2s/RD.r_channel_0/rd_data_fifo_0/memory_reg[31][28]_srl32
  -------------------------------------------------------------------
                         required time                         -1.092    
                         arrival time                           1.148    
  -------------------------------------------------------------------
                         slack                                  0.056    

Slack (MET) :             0.057ns  (arrival time - required time)
  Source:                 u_soc/u_cpu/count_cycle_reg[7]/C
                            (rising edge-triggered cell FDRE clocked by clk_fpga_0  {rise@0.000ns fall@5.000ns period=10.000ns})
  Destination:            u_soc/u_cpu/count_cycle_reg[13]/D
                            (rising edge-triggered cell FDRE clocked by clk_fpga_0  {rise@0.000ns fall@5.000ns period=10.000ns})
  Path Group:             clk_fpga_0
  Path Type:              Hold (Min at Fast Process Corner)
  Requirement:            0.000ns  (clk_fpga_0 rise@0.000ns - clk_fpga_0 rise@0.000ns)
  Data Path Delay:        0.540ns  (logic 0.413ns (76.443%)  route 0.127ns (23.557%))
  Logic Levels:           3  (CARRY4=3)
  Clock Path Skew:        0.349ns (DCD - SCD - CPR)
    Destination Clock Delay (DCD):    1.277ns
    Source Clock Delay      (SCD):    0.893ns
    Clock Pessimism Removal (CPR):    0.035ns

    Location             Delay type                Incr(ns)  Path(ns)    Netlist Resource(s)
  -------------------------------------------------------------------    -------------------
                         (clock clk_fpga_0 rise edge)
                                                      0.000     0.000 r  
    PS7_X0Y0             PS7                          0.000     0.000 r  u_bd/ps_bd_i/ps7/inst/PS7_i/FCLKCLK[0]
                         net (fo=1, routed)           0.310     0.310    u_bd/ps_bd_i/ps7/inst/FCLK_CLK_unbuffered[0]
    BUFGCTRL_X0Y16       BUFG (Prop_bufg_I_O)         0.026     0.336 r  u_bd/ps_bd_i/ps7/inst/buffer_fclk_clk_0.FCLK_CLK_0_BUFG/O
                         net (fo=7163, routed)        0.557     0.893    u_soc/u_cpu/FCLK_CLK0
    SLICE_X38Y98         FDRE                                         r  u_soc/u_cpu/count_cycle_reg[7]/C
  -------------------------------------------------------------------    -------------------
    SLICE_X38Y98         FDRE (Prop_fdre_C_Q)         0.164     1.057 r  u_soc/u_cpu/count_cycle_reg[7]/Q
                         net (fo=2, routed)           0.127     1.183    u_soc/u_cpu/count_cycle_reg_n_0_[7]
    SLICE_X38Y98         CARRY4 (Prop_carry4_S[2]_CO[3])
                                                      0.156     1.339 r  u_soc/u_cpu/count_cycle_reg[8]_i_1/CO[3]
                         net (fo=1, routed)           0.000     1.339    u_soc/u_cpu/count_cycle_reg[8]_i_1_n_0
    SLICE_X38Y99         CARRY4 (Prop_carry4_CI_CO[3])
                                                      0.040     1.379 r  u_soc/u_cpu/count_cycle_reg[12]_i_1/CO[3]
                         net (fo=1, routed)           0.001     1.380    u_soc/u_cpu/count_cycle_reg[12]_i_1_n_0
    SLICE_X38Y100        CARRY4 (Prop_carry4_CI_O[0])
                                                      0.053     1.433 r  u_soc/u_cpu/count_cycle_reg[16]_i_1/O[0]
                         net (fo=1, routed)           0.000     1.433    u_soc/u_cpu/count_cycle1[13]
    SLICE_X38Y100        FDRE                                         r  u_soc/u_cpu/count_cycle_reg[13]/D
  -------------------------------------------------------------------    -------------------

                         (clock clk_fpga_0 rise edge)
                                                      0.000     0.000 r  
    PS7_X0Y0             PS7                          0.000     0.000 r  u_bd/ps_bd_i/ps7/inst/PS7_i/FCLKCLK[0]
                         net (fo=1, routed)           0.337     0.337    u_bd/ps_bd_i/ps7/inst/FCLK_CLK_unbuffered[0]
    BUFGCTRL_X0Y16       BUFG (Prop_bufg_I_O)         0.029     0.366 r  u_bd/ps_bd_i/ps7/inst/buffer_fclk_clk_0.FCLK_CLK_0_BUFG/O
                         net (fo=7163, routed)        0.911     1.277    u_soc/u_cpu/FCLK_CLK0
    SLICE_X38Y100        FDRE                                         r  u_soc/u_cpu/count_cycle_reg[13]/C
                         clock pessimism             -0.035     1.242    
    SLICE_X38Y100        FDRE (Hold_fdre_C_D)         0.134     1.376    u_soc/u_cpu/count_cycle_reg[13]
  -------------------------------------------------------------------
                         required time                         -1.376    
                         arrival time                           1.433    
  -------------------------------------------------------------------
                         slack                                  0.057    

Slack (MET) :             0.058ns  (arrival time - required time)
  Source:                 u_ps_if/s_axil_rdata_reg[8]/C
                            (rising edge-triggered cell FDRE clocked by clk_fpga_0  {rise@0.000ns fall@5.000ns period=10.000ns})
  Destination:            u_bd/ps_bd_i/pc0/inst/gen_axilite.gen_b2s_conv.axilite_b2s/RD.r_channel_0/rd_data_fifo_0/memory_reg[31][8]_srl32/D
                            (rising edge-triggered cell SRLC32E clocked by clk_fpga_0  {rise@0.000ns fall@5.000ns period=10.000ns})
  Path Group:             clk_fpga_0
  Path Type:              Hold (Min at Fast Process Corner)
  Requirement:            0.000ns  (clk_fpga_0 rise@0.000ns - clk_fpga_0 rise@0.000ns)
  Data Path Delay:        0.256ns  (logic 0.141ns (55.026%)  route 0.115ns (44.974%))
  Logic Levels:           0  
  Clock Path Skew:        0.015ns (DCD - SCD - CPR)
    Destination Clock Delay (DCD):    1.190ns
    Source Clock Delay      (SCD):    0.894ns
    Clock Pessimism Removal (CPR):    0.281ns

    Location             Delay type                Incr(ns)  Path(ns)    Netlist Resource(s)
  -------------------------------------------------------------------    -------------------
                         (clock clk_fpga_0 rise edge)
                                                      0.000     0.000 r  
    PS7_X0Y0             PS7                          0.000     0.000 r  u_bd/ps_bd_i/ps7/inst/PS7_i/FCLKCLK[0]
                         net (fo=1, routed)           0.310     0.310    u_bd/ps_bd_i/ps7/inst/FCLK_CLK_unbuffered[0]
    BUFGCTRL_X0Y16       BUFG (Prop_bufg_I_O)         0.026     0.336 r  u_bd/ps_bd_i/ps7/inst/buffer_fclk_clk_0.FCLK_CLK_0_BUFG/O
                         net (fo=7163, routed)        0.558     0.894    u_ps_if/FCLK_CLK0
    SLICE_X33Y93         FDRE                                         r  u_ps_if/s_axil_rdata_reg[8]/C
  -------------------------------------------------------------------    -------------------
    SLICE_X33Y93         FDRE (Prop_fdre_C_Q)         0.141     1.035 r  u_ps_if/s_axil_rdata_reg[8]/Q
                         net (fo=1, routed)           0.115     1.150    u_bd/ps_bd_i/pc0/inst/gen_axilite.gen_b2s_conv.axilite_b2s/RD.r_channel_0/rd_data_fifo_0/in[8]
    SLICE_X32Y91         SRLC32E                                      r  u_bd/ps_bd_i/pc0/inst/gen_axilite.gen_b2s_conv.axilite_b2s/RD.r_channel_0/rd_data_fifo_0/memory_reg[31][8]_srl32/D
  -------------------------------------------------------------------    -------------------

                         (clock clk_fpga_0 rise edge)
                                                      0.000     0.000 r  
    PS7_X0Y0             PS7                          0.000     0.000 r  u_bd/ps_bd_i/ps7/inst/PS7_i/FCLKCLK[0]
                         net (fo=1, routed)           0.337     0.337    u_bd/ps_bd_i/ps7/inst/FCLK_CLK_unbuffered[0]
    BUFGCTRL_X0Y16       BUFG (Prop_bufg_I_O)         0.029     0.366 r  u_bd/ps_bd_i/ps7/inst/buffer_fclk_clk_0.FCLK_CLK_0_BUFG/O
                         net (fo=7163, routed)        0.824     1.190    u_bd/ps_bd_i/pc0/inst/gen_axilite.gen_b2s_conv.axilite_b2s/RD.r_channel_0/rd_data_fifo_0/aclk
    SLICE_X32Y91         SRLC32E                                      r  u_bd/ps_bd_i/pc0/inst/gen_axilite.gen_b2s_conv.axilite_b2s/RD.r_channel_0/rd_data_fifo_0/memory_reg[31][8]_srl32/CLK
                         clock pessimism             -0.281     0.909    
    SLICE_X32Y91         SRLC32E (Hold_srlc32e_CLK_D)
                                                      0.183     1.092    u_bd/ps_bd_i/pc0/inst/gen_axilite.gen_b2s_conv.axilite_b2s/RD.r_channel_0/rd_data_fifo_0/memory_reg[31][8]_srl32
  -------------------------------------------------------------------
                         required time                         -1.092    
                         arrival time                           1.150    
  -------------------------------------------------------------------
                         slack                                  0.058    

Slack (MET) :             0.067ns  (arrival time - required time)
  Source:                 u_soc/u_cpu/count_instr_reg[8]/C
                            (rising edge-triggered cell FDRE clocked by clk_fpga_0  {rise@0.000ns fall@5.000ns period=10.000ns})
  Destination:            u_soc/u_cpu/count_instr_reg[14]/D
                            (rising edge-triggered cell FDRE clocked by clk_fpga_0  {rise@0.000ns fall@5.000ns period=10.000ns})
  Path Group:             clk_fpga_0
  Path Type:              Hold (Min at Fast Process Corner)
  Requirement:            0.000ns  (clk_fpga_0 rise@0.000ns - clk_fpga_0 rise@0.000ns)
  Data Path Delay:        0.521ns  (logic 0.403ns (77.342%)  route 0.118ns (22.658%))
  Logic Levels:           2  (CARRY4=2)
  Clock Path Skew:        0.349ns (DCD - SCD - CPR)
    Destination Clock Delay (DCD):    1.277ns
    Source Clock Delay      (SCD):    0.893ns
    Clock Pessimism Removal (CPR):    0.035ns

    Location             Delay type                Incr(ns)  Path(ns)    Netlist Resource(s)
  -------------------------------------------------------------------    -------------------
                         (clock clk_fpga_0 rise edge)
                                                      0.000     0.000 r  
    PS7_X0Y0             PS7                          0.000     0.000 r  u_bd/ps_bd_i/ps7/inst/PS7_i/FCLKCLK[0]
                         net (fo=1, routed)           0.310     0.310    u_bd/ps_bd_i/ps7/inst/FCLK_CLK_unbuffered[0]
    BUFGCTRL_X0Y16       BUFG (Prop_bufg_I_O)         0.026     0.336 r  u_bd/ps_bd_i/ps7/inst/buffer_fclk_clk_0.FCLK_CLK_0_BUFG/O
                         net (fo=7163, routed)        0.557     0.893    u_soc/u_cpu/FCLK_CLK0
    SLICE_X39Y99         FDRE                                         r  u_soc/u_cpu/count_instr_reg[8]/C
  -------------------------------------------------------------------    -------------------
    SLICE_X39Y99         FDRE (Prop_fdre_C_Q)         0.141     1.034 r  u_soc/u_cpu/count_instr_reg[8]/Q
                         net (fo=2, routed)           0.117     1.151    u_soc/u_cpu/count_instr_reg[8]
    SLICE_X39Y99         CARRY4 (Prop_carry4_S[0]_CO[3])
                                                      0.197     1.348 r  u_soc/u_cpu/count_instr_reg[8]_i_1/CO[3]
                         net (fo=1, routed)           0.001     1.349    u_soc/u_cpu/count_instr_reg[8]_i_1_n_0
    SLICE_X39Y100        CARRY4 (Prop_carry4_CI_O[2])
                                                      0.065     1.414 r  u_soc/u_cpu/count_instr_reg[12]_i_1/O[2]
                         net (fo=1, routed)           0.000     1.414    u_soc/u_cpu/count_instr_reg[12]_i_1_n_5
    SLICE_X39Y100        FDRE                                         r  u_soc/u_cpu/count_instr_reg[14]/D
  -------------------------------------------------------------------    -------------------

                         (clock clk_fpga_0 rise edge)
                                                      0.000     0.000 r  
    PS7_X0Y0             PS7                          0.000     0.000 r  u_bd/ps_bd_i/ps7/inst/PS7_i/FCLKCLK[0]
                         net (fo=1, routed)           0.337     0.337    u_bd/ps_bd_i/ps7/inst/FCLK_CLK_unbuffered[0]
    BUFGCTRL_X0Y16       BUFG (Prop_bufg_I_O)         0.029     0.366 r  u_bd/ps_bd_i/ps7/inst/buffer_fclk_clk_0.FCLK_CLK_0_BUFG/O
                         net (fo=7163, routed)        0.911     1.277    u_soc/u_cpu/FCLK_CLK0
    SLICE_X39Y100        FDRE                                         r  u_soc/u_cpu/count_instr_reg[14]/C
                         clock pessimism             -0.035     1.242    
    SLICE_X39Y100        FDRE (Hold_fdre_C_D)         0.105     1.347    u_soc/u_cpu/count_instr_reg[14]
  -------------------------------------------------------------------
                         required time                         -1.347    
                         arrival time                           1.414    
  -------------------------------------------------------------------
                         slack                                  0.067    

Slack (MET) :             0.069ns  (arrival time - required time)
  Source:                 u_soc/u_engine/diff_reg[26]/C
                            (rising edge-triggered cell FDRE clocked by clk_fpga_0  {rise@0.000ns fall@5.000ns period=10.000ns})
  Destination:            u_soc/u_engine/score_reg[26]/D
                            (rising edge-triggered cell FDSE clocked by clk_fpga_0  {rise@0.000ns fall@5.000ns period=10.000ns})
  Path Group:             clk_fpga_0
  Path Type:              Hold (Min at Fast Process Corner)
  Requirement:            0.000ns  (clk_fpga_0 rise@0.000ns - clk_fpga_0 rise@0.000ns)
  Data Path Delay:        0.467ns  (logic 0.187ns (40.009%)  route 0.280ns (59.991%))
  Logic Levels:           1  (LUT2=1)
  Clock Path Skew:        0.267ns (DCD - SCD - CPR)
    Destination Clock Delay (DCD):    1.188ns
    Source Clock Delay      (SCD):    0.886ns
    Clock Pessimism Removal (CPR):    0.035ns

    Location             Delay type                Incr(ns)  Path(ns)    Netlist Resource(s)
  -------------------------------------------------------------------    -------------------
                         (clock clk_fpga_0 rise edge)
                                                      0.000     0.000 r  
    PS7_X0Y0             PS7                          0.000     0.000 r  u_bd/ps_bd_i/ps7/inst/PS7_i/FCLKCLK[0]
                         net (fo=1, routed)           0.310     0.310    u_bd/ps_bd_i/ps7/inst/FCLK_CLK_unbuffered[0]
    BUFGCTRL_X0Y16       BUFG (Prop_bufg_I_O)         0.026     0.336 r  u_bd/ps_bd_i/ps7/inst/buffer_fclk_clk_0.FCLK_CLK_0_BUFG/O
                         net (fo=7163, routed)        0.550     0.886    u_soc/u_engine/FCLK_CLK0
    SLICE_X52Y61         FDRE                                         r  u_soc/u_engine/diff_reg[26]/C
  -------------------------------------------------------------------    -------------------
    SLICE_X52Y61         FDRE (Prop_fdre_C_Q)         0.141     1.027 r  u_soc/u_engine/diff_reg[26]/Q
                         net (fo=1, routed)           0.280     1.307    u_soc/u_engine/diff_reg_n_0_[26]
    SLICE_X42Y61         LUT2 (Prop_lut2_I0_O)        0.046     1.353 r  u_soc/u_engine/score[26]_i_1/O
                         net (fo=1, routed)           0.000     1.353    u_soc/u_engine/score[26]_i_1_n_0
    SLICE_X42Y61         FDSE                                         r  u_soc/u_engine/score_reg[26]/D
  -------------------------------------------------------------------    -------------------

                         (clock clk_fpga_0 rise edge)
                                                      0.000     0.000 r  
    PS7_X0Y0             PS7                          0.000     0.000 r  u_bd/ps_bd_i/ps7/inst/PS7_i/FCLKCLK[0]
                         net (fo=1, routed)           0.337     0.337    u_bd/ps_bd_i/ps7/inst/FCLK_CLK_unbuffered[0]
    BUFGCTRL_X0Y16       BUFG (Prop_bufg_I_O)         0.029     0.366 r  u_bd/ps_bd_i/ps7/inst/buffer_fclk_clk_0.FCLK_CLK_0_BUFG/O
                         net (fo=7163, routed)        0.822     1.188    u_soc/u_engine/FCLK_CLK0
    SLICE_X42Y61         FDSE                                         r  u_soc/u_engine/score_reg[26]/C
                         clock pessimism             -0.035     1.153    
    SLICE_X42Y61         FDSE (Hold_fdse_C_D)         0.131     1.284    u_soc/u_engine/score_reg[26]
  -------------------------------------------------------------------
                         required time                         -1.284    
                         arrival time                           1.353    
  -------------------------------------------------------------------
                         slack                                  0.069    

Slack (MET) :             0.070ns  (arrival time - required time)
  Source:                 u_soc/u_cpu/count_cycle_reg[7]/C
                            (rising edge-triggered cell FDRE clocked by clk_fpga_0  {rise@0.000ns fall@5.000ns period=10.000ns})
  Destination:            u_soc/u_cpu/count_cycle_reg[15]/D
                            (rising edge-triggered cell FDRE clocked by clk_fpga_0  {rise@0.000ns fall@5.000ns period=10.000ns})
  Path Group:             clk_fpga_0
  Path Type:              Hold (Min at Fast Process Corner)
  Requirement:            0.000ns  (clk_fpga_0 rise@0.000ns - clk_fpga_0 rise@0.000ns)
  Data Path Delay:        0.553ns  (logic 0.426ns (76.997%)  route 0.127ns (23.003%))
  Logic Levels:           3  (CARRY4=3)
  Clock Path Skew:        0.349ns (DCD - SCD - CPR)
    Destination Clock Delay (DCD):    1.277ns
    Source Clock Delay      (SCD):    0.893ns
    Clock Pessimism Removal (CPR):    0.035ns

    Location             Delay type                Incr(ns)  Path(ns)    Netlist Resource(s)
  -------------------------------------------------------------------    -------------------
                         (clock clk_fpga_0 rise edge)
                                                      0.000     0.000 r  
    PS7_X0Y0             PS7                          0.000     0.000 r  u_bd/ps_bd_i/ps7/inst/PS7_i/FCLKCLK[0]
                         net (fo=1, routed)           0.310     0.310    u_bd/ps_bd_i/ps7/inst/FCLK_CLK_unbuffered[0]
    BUFGCTRL_X0Y16       BUFG (Prop_bufg_I_O)         0.026     0.336 r  u_bd/ps_bd_i/ps7/inst/buffer_fclk_clk_0.FCLK_CLK_0_BUFG/O
                         net (fo=7163, routed)        0.557     0.893    u_soc/u_cpu/FCLK_CLK0
    SLICE_X38Y98         FDRE                                         r  u_soc/u_cpu/count_cycle_reg[7]/C
  -------------------------------------------------------------------    -------------------
    SLICE_X38Y98         FDRE (Prop_fdre_C_Q)         0.164     1.057 r  u_soc/u_cpu/count_cycle_reg[7]/Q
                         net (fo=2, routed)           0.127     1.183    u_soc/u_cpu/count_cycle_reg_n_0_[7]
    SLICE_X38Y98         CARRY4 (Prop_carry4_S[2]_CO[3])
                                                      0.156     1.339 r  u_soc/u_cpu/count_cycle_reg[8]_i_1/CO[3]
                         net (fo=1, routed)           0.000     1.339    u_soc/u_cpu/count_cycle_reg[8]_i_1_n_0
    SLICE_X38Y99         CARRY4 (Prop_carry4_CI_CO[3])
                                                      0.040     1.379 r  u_soc/u_cpu/count_cycle_reg[12]_i_1/CO[3]
                         net (fo=1, routed)           0.001     1.380    u_soc/u_cpu/count_cycle_reg[12]_i_1_n_0
    SLICE_X38Y100        CARRY4 (Prop_carry4_CI_O[2])
                                                      0.066     1.446 r  u_soc/u_cpu/count_cycle_reg[16]_i_1/O[2]
                         net (fo=1, routed)           0.000     1.446    u_soc/u_cpu/count_cycle1[15]
    SLICE_X38Y100        FDRE                                         r  u_soc/u_cpu/count_cycle_reg[15]/D
  -------------------------------------------------------------------    -------------------

                         (clock clk_fpga_0 rise edge)
                                                      0.000     0.000 r  
    PS7_X0Y0             PS7                          0.000     0.000 r  u_bd/ps_bd_i/ps7/inst/PS7_i/FCLKCLK[0]
                         net (fo=1, routed)           0.337     0.337    u_bd/ps_bd_i/ps7/inst/FCLK_CLK_unbuffered[0]
    BUFGCTRL_X0Y16       BUFG (Prop_bufg_I_O)         0.029     0.366 r  u_bd/ps_bd_i/ps7/inst/buffer_fclk_clk_0.FCLK_CLK_0_BUFG/O
                         net (fo=7163, routed)        0.911     1.277    u_soc/u_cpu/FCLK_CLK0
    SLICE_X38Y100        FDRE                                         r  u_soc/u_cpu/count_cycle_reg[15]/C
                         clock pessimism             -0.035     1.242    
    SLICE_X38Y100        FDRE (Hold_fdre_C_D)         0.134     1.376    u_soc/u_cpu/count_cycle_reg[15]
  -------------------------------------------------------------------
                         required time                         -1.376    
                         arrival time                           1.446    
  -------------------------------------------------------------------
                         slack                                  0.070    





Pulse Width Checks
--------------------------------------------------------------------------------------
Clock Name:         clk_fpga_0
Waveform(ns):       { 0.000 5.000 }
Period(ns):         10.000
Sources:            { u_bd/ps_bd_i/ps7/inst/PS7_i/FCLKCLK[0] }

Check Type        Corner  Lib Pin             Reference Pin  Required(ns)  Actual(ns)  Slack(ns)  Location      Pin
Min Period        n/a     DSP48E1/CLK         n/a            3.884         10.000      6.116      DSP48_X2Y42   u_soc/u_cpu/pcpi_mul/rd_reg/CLK
Min Period        n/a     DSP48E1/CLK         n/a            3.884         10.000      6.116      DSP48_X2Y38   u_soc/u_cpu/pcpi_mul/rd_reg__0/CLK
Min Period        n/a     DSP48E1/CLK         n/a            3.884         10.000      6.116      DSP48_X2Y7    u_soc/u_engine/p2_prod_reg/CLK
Min Period        n/a     DSP48E1/CLK         n/a            3.884         10.000      6.116      DSP48_X2Y36   u_soc/u_kdot/p_q_reg/CLK
Min Period        n/a     DSP48E1/CLK         n/a            3.687         10.000      6.313      DSP48_X2Y5    u_soc/u_engine/p2_prod_reg__0/CLK
Min Period        n/a     RAMB36E1/CLKARDCLK  n/a            3.363         10.000      6.637      RAMB36_X2Y12  u_soc/mem_reg_0_0_0/CLKARDCLK
Min Period        n/a     RAMB36E1/CLKBWRCLK  n/a            3.363         10.000      6.637      RAMB36_X2Y12  u_soc/mem_reg_0_0_0/CLKBWRCLK
Min Period        n/a     RAMB36E1/CLKARDCLK  n/a            3.363         10.000      6.637      RAMB36_X2Y14  u_soc/mem_reg_0_0_1/CLKARDCLK
Min Period        n/a     RAMB36E1/CLKBWRCLK  n/a            3.363         10.000      6.637      RAMB36_X2Y14  u_soc/mem_reg_0_0_1/CLKBWRCLK
Min Period        n/a     RAMB36E1/CLKARDCLK  n/a            3.363         10.000      6.637      RAMB36_X3Y15  u_soc/mem_reg_0_0_2/CLKARDCLK
Low Pulse Width   Slow    RAMD32/CLK          n/a            1.250         5.000       3.750      SLICE_X42Y99  u_soc/u_cpu/cpuregs_reg_r1_0_31_0_5/RAMA/CLK
Low Pulse Width   Fast    RAMD32/CLK          n/a            1.250         5.000       3.750      SLICE_X42Y99  u_soc/u_cpu/cpuregs_reg_r1_0_31_0_5/RAMA/CLK
Low Pulse Width   Slow    RAMD32/CLK          n/a            1.250         5.000       3.750      SLICE_X42Y99  u_soc/u_cpu/cpuregs_reg_r1_0_31_0_5/RAMA_D1/CLK
Low Pulse Width   Fast    RAMD32/CLK          n/a            1.250         5.000       3.750      SLICE_X42Y99  u_soc/u_cpu/cpuregs_reg_r1_0_31_0_5/RAMA_D1/CLK
Low Pulse Width   Slow    RAMD32/CLK          n/a            1.250         5.000       3.750      SLICE_X42Y99  u_soc/u_cpu/cpuregs_reg_r1_0_31_0_5/RAMB/CLK
Low Pulse Width   Fast    RAMD32/CLK          n/a            1.250         5.000       3.750      SLICE_X42Y99  u_soc/u_cpu/cpuregs_reg_r1_0_31_0_5/RAMB/CLK
Low Pulse Width   Slow    RAMD32/CLK          n/a            1.250         5.000       3.750      SLICE_X42Y99  u_soc/u_cpu/cpuregs_reg_r1_0_31_0_5/RAMB_D1/CLK
Low Pulse Width   Fast    RAMD32/CLK          n/a            1.250         5.000       3.750      SLICE_X42Y99  u_soc/u_cpu/cpuregs_reg_r1_0_31_0_5/RAMB_D1/CLK
Low Pulse Width   Slow    RAMD32/CLK          n/a            1.250         5.000       3.750      SLICE_X42Y99  u_soc/u_cpu/cpuregs_reg_r1_0_31_0_5/RAMC/CLK
Low Pulse Width   Fast    RAMD32/CLK          n/a            1.250         5.000       3.750      SLICE_X42Y99  u_soc/u_cpu/cpuregs_reg_r1_0_31_0_5/RAMC/CLK
High Pulse Width  Slow    RAMD32/CLK          n/a            1.250         5.000       3.750      SLICE_X42Y99  u_soc/u_cpu/cpuregs_reg_r1_0_31_0_5/RAMA/CLK
High Pulse Width  Fast    RAMD32/CLK          n/a            1.250         5.000       3.750      SLICE_X42Y99  u_soc/u_cpu/cpuregs_reg_r1_0_31_0_5/RAMA/CLK
High Pulse Width  Slow    RAMD32/CLK          n/a            1.250         5.000       3.750      SLICE_X42Y99  u_soc/u_cpu/cpuregs_reg_r1_0_31_0_5/RAMA_D1/CLK
High Pulse Width  Fast    RAMD32/CLK          n/a            1.250         5.000       3.750      SLICE_X42Y99  u_soc/u_cpu/cpuregs_reg_r1_0_31_0_5/RAMA_D1/CLK
High Pulse Width  Slow    RAMD32/CLK          n/a            1.250         5.000       3.750      SLICE_X42Y99  u_soc/u_cpu/cpuregs_reg_r1_0_31_0_5/RAMB/CLK
High Pulse Width  Fast    RAMD32/CLK          n/a            1.250         5.000       3.750      SLICE_X42Y99  u_soc/u_cpu/cpuregs_reg_r1_0_31_0_5/RAMB/CLK
High Pulse Width  Slow    RAMD32/CLK          n/a            1.250         5.000       3.750      SLICE_X42Y99  u_soc/u_cpu/cpuregs_reg_r1_0_31_0_5/RAMB_D1/CLK
High Pulse Width  Fast    RAMD32/CLK          n/a            1.250         5.000       3.750      SLICE_X42Y99  u_soc/u_cpu/cpuregs_reg_r1_0_31_0_5/RAMB_D1/CLK
High Pulse Width  Slow    RAMD32/CLK          n/a            1.250         5.000       3.750      SLICE_X42Y99  u_soc/u_cpu/cpuregs_reg_r1_0_31_0_5/RAMC/CLK
High Pulse Width  Fast    RAMD32/CLK          n/a            1.250         5.000       3.750      SLICE_X42Y99  u_soc/u_cpu/cpuregs_reg_r1_0_31_0_5/RAMC/CLK



--------------------------------------------------------------------------------------
Path Group:  (none)
From Clock:  clk_fpga_0
  To Clock:  

Max Delay            10 Endpoints
Min Delay            10 Endpoints
--------------------------------------------------------------------------------------


Max Delay Paths
--------------------------------------------------------------------------------------
Slack:                    inf
  Source:                 u_soc/led_o_reg[7]_lopt_replica/C
                            (rising edge-triggered cell FDRE clocked by clk_fpga_0  {rise@0.000ns fall@5.000ns period=10.000ns})
  Destination:            led[7]
                            (output port)
  Path Group:             (none)
  Path Type:              Max at Slow Process Corner
  Data Path Delay:        9.274ns  (logic 3.956ns (42.662%)  route 5.317ns (57.338%))
  Logic Levels:           1  (OBUF=1)
  Clock Uncertainty:      0.152ns  ((TSJ^2 + TIJ^2)^1/2 + DJ) / 2 + PE
    Total System Jitter     (TSJ):    0.050ns
    Total Input Jitter      (TIJ):    0.300ns
    Discrete Jitter          (DJ):    0.000ns
    Phase Error              (PE):    0.000ns

    Location             Delay type                Incr(ns)  Path(ns)    Netlist Resource(s)
  -------------------------------------------------------------------    -------------------
                         (clock clk_fpga_0 rise edge)
                                                      0.000     0.000 r  
    PS7_X0Y0             PS7                          0.000     0.000 r  u_bd/ps_bd_i/ps7/inst/PS7_i/FCLKCLK[0]
                         net (fo=1, routed)           1.193     1.193    u_bd/ps_bd_i/ps7/inst/FCLK_CLK_unbuffered[0]
    BUFGCTRL_X0Y16       BUFG (Prop_bufg_I_O)         0.101     1.294 r  u_bd/ps_bd_i/ps7/inst/buffer_fclk_clk_0.FCLK_CLK_0_BUFG/O
                         net (fo=7163, routed)        1.642     2.936    u_soc/FCLK_CLK0
    SLICE_X43Y82         FDRE                                         r  u_soc/led_o_reg[7]_lopt_replica/C
  -------------------------------------------------------------------    -------------------
    SLICE_X43Y82         FDRE (Prop_fdre_C_Q)         0.456     3.392 r  u_soc/led_o_reg[7]_lopt_replica/Q
                         net (fo=1, routed)           5.317     8.709    lopt_7
    G14                  OBUF (Prop_obuf_I_O)         3.500    12.210 r  led_OBUF[7]_inst/O
                         net (fo=0)                   0.000    12.210    led[7]
    G14                                                               r  led[7] (OUT)
  -------------------------------------------------------------------    -------------------

Slack:                    inf
  Source:                 u_soc/led_o_reg[5]_lopt_replica/C
                            (rising edge-triggered cell FDRE clocked by clk_fpga_0  {rise@0.000ns fall@5.000ns period=10.000ns})
  Destination:            led[5]
                            (output port)
  Path Group:             (none)
  Path Type:              Max at Slow Process Corner
  Data Path Delay:        8.645ns  (logic 3.969ns (45.911%)  route 4.676ns (54.089%))
  Logic Levels:           1  (OBUF=1)
  Clock Uncertainty:      0.152ns  ((TSJ^2 + TIJ^2)^1/2 + DJ) / 2 + PE
    Total System Jitter     (TSJ):    0.050ns
    Total Input Jitter      (TIJ):    0.300ns
    Discrete Jitter          (DJ):    0.000ns
    Phase Error              (PE):    0.000ns

    Location             Delay type                Incr(ns)  Path(ns)    Netlist Resource(s)
  -------------------------------------------------------------------    -------------------
                         (clock clk_fpga_0 rise edge)
                                                      0.000     0.000 r  
    PS7_X0Y0             PS7                          0.000     0.000 r  u_bd/ps_bd_i/ps7/inst/PS7_i/FCLKCLK[0]
                         net (fo=1, routed)           1.193     1.193    u_bd/ps_bd_i/ps7/inst/FCLK_CLK_unbuffered[0]
    BUFGCTRL_X0Y16       BUFG (Prop_bufg_I_O)         0.101     1.294 r  u_bd/ps_bd_i/ps7/inst/buffer_fclk_clk_0.FCLK_CLK_0_BUFG/O
                         net (fo=7163, routed)        1.643     2.937    u_soc/FCLK_CLK0
    SLICE_X44Y83         FDRE                                         r  u_soc/led_o_reg[5]_lopt_replica/C
  -------------------------------------------------------------------    -------------------
    SLICE_X44Y83         FDRE (Prop_fdre_C_Q)         0.456     3.393 r  u_soc/led_o_reg[5]_lopt_replica/Q
                         net (fo=1, routed)           4.676     8.069    lopt_5
    G17                  OBUF (Prop_obuf_I_O)         3.513    11.582 r  led_OBUF[5]_inst/O
                         net (fo=0)                   0.000    11.582    led[5]
    G17                                                               r  led[5] (OUT)
  -------------------------------------------------------------------    -------------------

Slack:                    inf
  Source:                 u_soc/led_o_reg[8]_lopt_replica/C
                            (rising edge-triggered cell FDRE clocked by clk_fpga_0  {rise@0.000ns fall@5.000ns period=10.000ns})
  Destination:            led[8]
                            (output port)
  Path Group:             (none)
  Path Type:              Max at Slow Process Corner
  Data Path Delay:        8.462ns  (logic 4.051ns (47.875%)  route 4.411ns (52.125%))
  Logic Levels:           1  (OBUF=1)
  Clock Uncertainty:      0.152ns  ((TSJ^2 + TIJ^2)^1/2 + DJ) / 2 + PE
    Total System Jitter     (TSJ):    0.050ns
    Total Input Jitter      (TIJ):    0.300ns
    Discrete Jitter          (DJ):    0.000ns
    Phase Error              (PE):    0.000ns

    Location             Delay type                Incr(ns)  Path(ns)    Netlist Resource(s)
  -------------------------------------------------------------------    -------------------
                         (clock clk_fpga_0 rise edge)
                                                      0.000     0.000 r  
    PS7_X0Y0             PS7                          0.000     0.000 r  u_bd/ps_bd_i/ps7/inst/PS7_i/FCLKCLK[0]
                         net (fo=1, routed)           1.193     1.193    u_bd/ps_bd_i/ps7/inst/FCLK_CLK_unbuffered[0]
    BUFGCTRL_X0Y16       BUFG (Prop_bufg_I_O)         0.101     1.294 r  u_bd/ps_bd_i/ps7/inst/buffer_fclk_clk_0.FCLK_CLK_0_BUFG/O
                         net (fo=7163, routed)        1.642     2.936    u_soc/FCLK_CLK0
    SLICE_X43Y82         FDRE                                         r  u_soc/led_o_reg[8]_lopt_replica/C
  -------------------------------------------------------------------    -------------------
    SLICE_X43Y82         FDRE (Prop_fdre_C_Q)         0.456     3.392 r  u_soc/led_o_reg[8]_lopt_replica/Q
                         net (fo=1, routed)           4.411     7.803    lopt_8
    L14                  OBUF (Prop_obuf_I_O)         3.595    11.398 r  led_OBUF[8]_inst/O
                         net (fo=0)                   0.000    11.398    led[8]
    L14                                                               r  led[8] (OUT)
  -------------------------------------------------------------------    -------------------

Slack:                    inf
  Source:                 u_soc/led_o_reg[2]_lopt_replica/C
                            (rising edge-triggered cell FDRE clocked by clk_fpga_0  {rise@0.000ns fall@5.000ns period=10.000ns})
  Destination:            led[2]
                            (output port)
  Path Group:             (none)
  Path Type:              Max at Slow Process Corner
  Data Path Delay:        8.334ns  (logic 4.028ns (48.334%)  route 4.306ns (51.666%))
  Logic Levels:           1  (OBUF=1)
  Clock Uncertainty:      0.152ns  ((TSJ^2 + TIJ^2)^1/2 + DJ) / 2 + PE
    Total System Jitter     (TSJ):    0.050ns
    Total Input Jitter      (TIJ):    0.300ns
    Discrete Jitter          (DJ):    0.000ns
    Phase Error              (PE):    0.000ns

    Location             Delay type                Incr(ns)  Path(ns)    Netlist Resource(s)
  -------------------------------------------------------------------    -------------------
                         (clock clk_fpga_0 rise edge)
                                                      0.000     0.000 r  
    PS7_X0Y0             PS7                          0.000     0.000 r  u_bd/ps_bd_i/ps7/inst/PS7_i/FCLKCLK[0]
                         net (fo=1, routed)           1.193     1.193    u_bd/ps_bd_i/ps7/inst/FCLK_CLK_unbuffered[0]
    BUFGCTRL_X0Y16       BUFG (Prop_bufg_I_O)         0.101     1.294 r  u_bd/ps_bd_i/ps7/inst/buffer_fclk_clk_0.FCLK_CLK_0_BUFG/O
                         net (fo=7163, routed)        1.640     2.934    u_soc/FCLK_CLK0
    SLICE_X44Y81         FDRE                                         r  u_soc/led_o_reg[2]_lopt_replica/C
  -------------------------------------------------------------------    -------------------
    SLICE_X44Y81         FDRE (Prop_fdre_C_Q)         0.456     3.390 r  u_soc/led_o_reg[2]_lopt_replica/Q
                         net (fo=1, routed)           4.306     7.696    lopt_2
    N16                  OBUF (Prop_obuf_I_O)         3.572    11.268 r  led_OBUF[2]_inst/O
                         net (fo=0)                   0.000    11.268    led[2]
    N16                                                               r  led[2] (OUT)
  -------------------------------------------------------------------    -------------------

Slack:                    inf
  Source:                 u_soc/led_o_reg[9]_lopt_replica/C
                            (rising edge-triggered cell FDRE clocked by clk_fpga_0  {rise@0.000ns fall@5.000ns period=10.000ns})
  Destination:            led[9]
                            (output port)
  Path Group:             (none)
  Path Type:              Max at Slow Process Corner
  Data Path Delay:        8.264ns  (logic 4.039ns (48.870%)  route 4.226ns (51.130%))
  Logic Levels:           1  (OBUF=1)
  Clock Uncertainty:      0.152ns  ((TSJ^2 + TIJ^2)^1/2 + DJ) / 2 + PE
    Total System Jitter     (TSJ):    0.050ns
    Total Input Jitter      (TIJ):    0.300ns
    Discrete Jitter          (DJ):    0.000ns
    Phase Error              (PE):    0.000ns

    Location             Delay type                Incr(ns)  Path(ns)    Netlist Resource(s)
  -------------------------------------------------------------------    -------------------
                         (clock clk_fpga_0 rise edge)
                                                      0.000     0.000 r  
    PS7_X0Y0             PS7                          0.000     0.000 r  u_bd/ps_bd_i/ps7/inst/PS7_i/FCLKCLK[0]
                         net (fo=1, routed)           1.193     1.193    u_bd/ps_bd_i/ps7/inst/FCLK_CLK_unbuffered[0]
    BUFGCTRL_X0Y16       BUFG (Prop_bufg_I_O)         0.101     1.294 r  u_bd/ps_bd_i/ps7/inst/buffer_fclk_clk_0.FCLK_CLK_0_BUFG/O
                         net (fo=7163, routed)        1.643     2.937    u_soc/FCLK_CLK0
    SLICE_X44Y83         FDRE                                         r  u_soc/led_o_reg[9]_lopt_replica/C
  -------------------------------------------------------------------    -------------------
    SLICE_X44Y83         FDRE (Prop_fdre_C_Q)         0.456     3.393 r  u_soc/led_o_reg[9]_lopt_replica/Q
                         net (fo=1, routed)           4.226     7.619    lopt_9
    M15                  OBUF (Prop_obuf_I_O)         3.583    11.201 r  led_OBUF[9]_inst/O
                         net (fo=0)                   0.000    11.201    led[9]
    M15                                                               r  led[9] (OUT)
  -------------------------------------------------------------------    -------------------

Slack:                    inf
  Source:                 u_soc/led_o_reg[3]_lopt_replica/C
                            (rising edge-triggered cell FDRE clocked by clk_fpga_0  {rise@0.000ns fall@5.000ns period=10.000ns})
  Destination:            led[3]
                            (output port)
  Path Group:             (none)
  Path Type:              Max at Slow Process Corner
  Data Path Delay:        8.159ns  (logic 4.037ns (49.481%)  route 4.122ns (50.519%))
  Logic Levels:           1  (OBUF=1)
  Clock Uncertainty:      0.152ns  ((TSJ^2 + TIJ^2)^1/2 + DJ) / 2 + PE
    Total System Jitter     (TSJ):    0.050ns
    Total Input Jitter      (TIJ):    0.300ns
    Discrete Jitter          (DJ):    0.000ns
    Phase Error              (PE):    0.000ns

    Location             Delay type                Incr(ns)  Path(ns)    Netlist Resource(s)
  -------------------------------------------------------------------    -------------------
                         (clock clk_fpga_0 rise edge)
                                                      0.000     0.000 r  
    PS7_X0Y0             PS7                          0.000     0.000 r  u_bd/ps_bd_i/ps7/inst/PS7_i/FCLKCLK[0]
                         net (fo=1, routed)           1.193     1.193    u_bd/ps_bd_i/ps7/inst/FCLK_CLK_unbuffered[0]
    BUFGCTRL_X0Y16       BUFG (Prop_bufg_I_O)         0.101     1.294 r  u_bd/ps_bd_i/ps7/inst/buffer_fclk_clk_0.FCLK_CLK_0_BUFG/O
                         net (fo=7163, routed)        1.644     2.938    u_soc/FCLK_CLK0
    SLICE_X43Y84         FDRE                                         r  u_soc/led_o_reg[3]_lopt_replica/C
  -------------------------------------------------------------------    -------------------
    SLICE_X43Y84         FDRE (Prop_fdre_C_Q)         0.456     3.394 r  u_soc/led_o_reg[3]_lopt_replica/Q
                         net (fo=1, routed)           4.122     7.516    lopt_3
    M14                  OBUF (Prop_obuf_I_O)         3.581    11.097 r  led_OBUF[3]_inst/O
                         net (fo=0)                   0.000    11.097    led[3]
    M14                                                               r  led[3] (OUT)
  -------------------------------------------------------------------    -------------------

Slack:                    inf
  Source:                 u_soc/led_o_reg[4]_lopt_replica/C
                            (rising edge-triggered cell FDRE clocked by clk_fpga_0  {rise@0.000ns fall@5.000ns period=10.000ns})
  Destination:            led[4]
                            (output port)
  Path Group:             (none)
  Path Type:              Max at Slow Process Corner
  Data Path Delay:        8.072ns  (logic 4.028ns (49.900%)  route 4.044ns (50.100%))
  Logic Levels:           1  (OBUF=1)
  Clock Uncertainty:      0.152ns  ((TSJ^2 + TIJ^2)^1/2 + DJ) / 2 + PE
    Total System Jitter     (TSJ):    0.050ns
    Total Input Jitter      (TIJ):    0.300ns
    Discrete Jitter          (DJ):    0.000ns
    Phase Error              (PE):    0.000ns

    Location             Delay type                Incr(ns)  Path(ns)    Netlist Resource(s)
  -------------------------------------------------------------------    -------------------
                         (clock clk_fpga_0 rise edge)
                                                      0.000     0.000 r  
    PS7_X0Y0             PS7                          0.000     0.000 r  u_bd/ps_bd_i/ps7/inst/PS7_i/FCLKCLK[0]
                         net (fo=1, routed)           1.193     1.193    u_bd/ps_bd_i/ps7/inst/FCLK_CLK_unbuffered[0]
    BUFGCTRL_X0Y16       BUFG (Prop_bufg_I_O)         0.101     1.294 r  u_bd/ps_bd_i/ps7/inst/buffer_fclk_clk_0.FCLK_CLK_0_BUFG/O
                         net (fo=7163, routed)        1.644     2.938    u_soc/FCLK_CLK0
    SLICE_X43Y84         FDRE                                         r  u_soc/led_o_reg[4]_lopt_replica/C
  -------------------------------------------------------------------    -------------------
    SLICE_X43Y84         FDRE (Prop_fdre_C_Q)         0.456     3.394 r  u_soc/led_o_reg[4]_lopt_replica/Q
                         net (fo=1, routed)           4.044     7.438    lopt_4
    L15                  OBUF (Prop_obuf_I_O)         3.572    11.010 r  led_OBUF[4]_inst/O
                         net (fo=0)                   0.000    11.010    led[4]
    L15                                                               r  led[4] (OUT)
  -------------------------------------------------------------------    -------------------

Slack:                    inf
  Source:                 u_soc/led_o_reg[1]_lopt_replica/C
                            (rising edge-triggered cell FDRE clocked by clk_fpga_0  {rise@0.000ns fall@5.000ns period=10.000ns})
  Destination:            led[1]
                            (output port)
  Path Group:             (none)
  Path Type:              Max at Slow Process Corner
  Data Path Delay:        8.042ns  (logic 4.013ns (49.903%)  route 4.029ns (50.097%))
  Logic Levels:           1  (OBUF=1)
  Clock Uncertainty:      0.152ns  ((TSJ^2 + TIJ^2)^1/2 + DJ) / 2 + PE
    Total System Jitter     (TSJ):    0.050ns
    Total Input Jitter      (TIJ):    0.300ns
    Discrete Jitter          (DJ):    0.000ns
    Phase Error              (PE):    0.000ns

    Location             Delay type                Incr(ns)  Path(ns)    Netlist Resource(s)
  -------------------------------------------------------------------    -------------------
                         (clock clk_fpga_0 rise edge)
                                                      0.000     0.000 r  
    PS7_X0Y0             PS7                          0.000     0.000 r  u_bd/ps_bd_i/ps7/inst/PS7_i/FCLKCLK[0]
                         net (fo=1, routed)           1.193     1.193    u_bd/ps_bd_i/ps7/inst/FCLK_CLK_unbuffered[0]
    BUFGCTRL_X0Y16       BUFG (Prop_bufg_I_O)         0.101     1.294 r  u_bd/ps_bd_i/ps7/inst/buffer_fclk_clk_0.FCLK_CLK_0_BUFG/O
                         net (fo=7163, routed)        1.644     2.938    u_soc/FCLK_CLK0
    SLICE_X43Y84         FDRE                                         r  u_soc/led_o_reg[1]_lopt_replica/C
  -------------------------------------------------------------------    -------------------
    SLICE_X43Y84         FDRE (Prop_fdre_C_Q)         0.456     3.394 r  u_soc/led_o_reg[1]_lopt_replica/Q
                         net (fo=1, routed)           4.029     7.423    lopt_1
    P14                  OBUF (Prop_obuf_I_O)         3.557    10.980 r  led_OBUF[1]_inst/O
                         net (fo=0)                   0.000    10.980    led[1]
    P14                                                               r  led[1] (OUT)
  -------------------------------------------------------------------    -------------------

Slack:                    inf
  Source:                 u_soc/led_o_reg[6]_lopt_replica/C
                            (rising edge-triggered cell FDRE clocked by clk_fpga_0  {rise@0.000ns fall@5.000ns period=10.000ns})
  Destination:            led[6]
                            (output port)
  Path Group:             (none)
  Path Type:              Max at Slow Process Corner
  Data Path Delay:        8.020ns  (logic 4.031ns (50.259%)  route 3.989ns (49.741%))
  Logic Levels:           1  (OBUF=1)
  Clock Uncertainty:      0.152ns  ((TSJ^2 + TIJ^2)^1/2 + DJ) / 2 + PE
    Total System Jitter     (TSJ):    0.050ns
    Total Input Jitter      (TIJ):    0.300ns
    Discrete Jitter          (DJ):    0.000ns
    Phase Error              (PE):    0.000ns

    Location             Delay type                Incr(ns)  Path(ns)    Netlist Resource(s)
  -------------------------------------------------------------------    -------------------
                         (clock clk_fpga_0 rise edge)
                                                      0.000     0.000 r  
    PS7_X0Y0             PS7                          0.000     0.000 r  u_bd/ps_bd_i/ps7/inst/PS7_i/FCLKCLK[0]
                         net (fo=1, routed)           1.193     1.193    u_bd/ps_bd_i/ps7/inst/FCLK_CLK_unbuffered[0]
    BUFGCTRL_X0Y16       BUFG (Prop_bufg_I_O)         0.101     1.294 r  u_bd/ps_bd_i/ps7/inst/buffer_fclk_clk_0.FCLK_CLK_0_BUFG/O
                         net (fo=7163, routed)        1.644     2.938    u_soc/FCLK_CLK0
    SLICE_X43Y84         FDRE                                         r  u_soc/led_o_reg[6]_lopt_replica/C
  -------------------------------------------------------------------    -------------------
    SLICE_X43Y84         FDRE (Prop_fdre_C_Q)         0.456     3.394 r  u_soc/led_o_reg[6]_lopt_replica/Q
                         net (fo=1, routed)           3.989     7.383    lopt_6
    N15                  OBUF (Prop_obuf_I_O)         3.575    10.958 r  led_OBUF[6]_inst/O
                         net (fo=0)                   0.000    10.958    led[6]
    N15                                                               r  led[6] (OUT)
  -------------------------------------------------------------------    -------------------

Slack:                    inf
  Source:                 u_soc/led_o_reg[0]_lopt_replica/C
                            (rising edge-triggered cell FDRE clocked by clk_fpga_0  {rise@0.000ns fall@5.000ns period=10.000ns})
  Destination:            led[0]
                            (output port)
  Path Group:             (none)
  Path Type:              Max at Slow Process Corner
  Data Path Delay:        7.801ns  (logic 3.986ns (51.095%)  route 3.815ns (48.904%))
  Logic Levels:           1  (OBUF=1)
  Clock Uncertainty:      0.152ns  ((TSJ^2 + TIJ^2)^1/2 + DJ) / 2 + PE
    Total System Jitter     (TSJ):    0.050ns
    Total Input Jitter      (TIJ):    0.300ns
    Discrete Jitter          (DJ):    0.000ns
    Phase Error              (PE):    0.000ns

    Location             Delay type                Incr(ns)  Path(ns)    Netlist Resource(s)
  -------------------------------------------------------------------    -------------------
                         (clock clk_fpga_0 rise edge)
                                                      0.000     0.000 r  
    PS7_X0Y0             PS7                          0.000     0.000 r  u_bd/ps_bd_i/ps7/inst/PS7_i/FCLKCLK[0]
                         net (fo=1, routed)           1.193     1.193    u_bd/ps_bd_i/ps7/inst/FCLK_CLK_unbuffered[0]
    BUFGCTRL_X0Y16       BUFG (Prop_bufg_I_O)         0.101     1.294 r  u_bd/ps_bd_i/ps7/inst/buffer_fclk_clk_0.FCLK_CLK_0_BUFG/O
                         net (fo=7163, routed)        1.640     2.934    u_soc/FCLK_CLK0
    SLICE_X44Y81         FDRE                                         r  u_soc/led_o_reg[0]_lopt_replica/C
  -------------------------------------------------------------------    -------------------
    SLICE_X44Y81         FDRE (Prop_fdre_C_Q)         0.456     3.390 r  u_soc/led_o_reg[0]_lopt_replica/Q
                         net (fo=1, routed)           3.815     7.205    lopt
    R14                  OBUF (Prop_obuf_I_O)         3.530    10.735 r  led_OBUF[0]_inst/O
                         net (fo=0)                   0.000    10.735    led[0]
    R14                                                               r  led[0] (OUT)
  -------------------------------------------------------------------    -------------------





Min Delay Paths
--------------------------------------------------------------------------------------
Slack:                    inf
  Source:                 u_soc/led_o_reg[0]_lopt_replica/C
                            (rising edge-triggered cell FDRE clocked by clk_fpga_0  {rise@0.000ns fall@5.000ns period=10.000ns})
  Destination:            led[0]
                            (output port)
  Path Group:             (none)
  Path Type:              Min at Fast Process Corner
  Data Path Delay:        2.788ns  (logic 1.372ns (49.207%)  route 1.416ns (50.793%))
  Logic Levels:           1  (OBUF=1)
  Clock Uncertainty:      0.152ns  ((TSJ^2 + TIJ^2)^1/2 + DJ) / 2 + PE
    Total System Jitter     (TSJ):    0.050ns
    Total Input Jitter      (TIJ):    0.300ns
    Discrete Jitter          (DJ):    0.000ns
    Phase Error              (PE):    0.000ns

    Location             Delay type                Incr(ns)  Path(ns)    Netlist Resource(s)
  -------------------------------------------------------------------    -------------------
                         (clock clk_fpga_0 rise edge)
                                                      0.000     0.000 r  
    PS7_X0Y0             PS7                          0.000     0.000 r  u_bd/ps_bd_i/ps7/inst/PS7_i/FCLKCLK[0]
                         net (fo=1, routed)           0.310     0.310    u_bd/ps_bd_i/ps7/inst/FCLK_CLK_unbuffered[0]
    BUFGCTRL_X0Y16       BUFG (Prop_bufg_I_O)         0.026     0.336 r  u_bd/ps_bd_i/ps7/inst/buffer_fclk_clk_0.FCLK_CLK_0_BUFG/O
                         net (fo=7163, routed)        0.549     0.885    u_soc/FCLK_CLK0
    SLICE_X44Y81         FDRE                                         r  u_soc/led_o_reg[0]_lopt_replica/C
  -------------------------------------------------------------------    -------------------
    SLICE_X44Y81         FDRE (Prop_fdre_C_Q)         0.141     1.026 r  u_soc/led_o_reg[0]_lopt_replica/Q
                         net (fo=1, routed)           1.416     2.441    lopt
    R14                  OBUF (Prop_obuf_I_O)         1.231     3.672 r  led_OBUF[0]_inst/O
                         net (fo=0)                   0.000     3.672    led[0]
    R14                                                               r  led[0] (OUT)
  -------------------------------------------------------------------    -------------------

Slack:                    inf
  Source:                 u_soc/led_o_reg[6]_lopt_replica/C
                            (rising edge-triggered cell FDRE clocked by clk_fpga_0  {rise@0.000ns fall@5.000ns period=10.000ns})
  Destination:            led[6]
                            (output port)
  Path Group:             (none)
  Path Type:              Min at Fast Process Corner
  Data Path Delay:        2.878ns  (logic 1.416ns (49.218%)  route 1.461ns (50.782%))
  Logic Levels:           1  (OBUF=1)
  Clock Uncertainty:      0.152ns  ((TSJ^2 + TIJ^2)^1/2 + DJ) / 2 + PE
    Total System Jitter     (TSJ):    0.050ns
    Total Input Jitter      (TIJ):    0.300ns
    Discrete Jitter          (DJ):    0.000ns
    Phase Error              (PE):    0.000ns

    Location             Delay type                Incr(ns)  Path(ns)    Netlist Resource(s)
  -------------------------------------------------------------------    -------------------
                         (clock clk_fpga_0 rise edge)
                                                      0.000     0.000 r  
    PS7_X0Y0             PS7                          0.000     0.000 r  u_bd/ps_bd_i/ps7/inst/PS7_i/FCLKCLK[0]
                         net (fo=1, routed)           0.310     0.310    u_bd/ps_bd_i/ps7/inst/FCLK_CLK_unbuffered[0]
    BUFGCTRL_X0Y16       BUFG (Prop_bufg_I_O)         0.026     0.336 r  u_bd/ps_bd_i/ps7/inst/buffer_fclk_clk_0.FCLK_CLK_0_BUFG/O
                         net (fo=7163, routed)        0.552     0.888    u_soc/FCLK_CLK0
    SLICE_X43Y84         FDRE                                         r  u_soc/led_o_reg[6]_lopt_replica/C
  -------------------------------------------------------------------    -------------------
    SLICE_X43Y84         FDRE (Prop_fdre_C_Q)         0.141     1.029 r  u_soc/led_o_reg[6]_lopt_replica/Q
                         net (fo=1, routed)           1.461     2.490    lopt_6
    N15                  OBUF (Prop_obuf_I_O)         1.275     3.765 r  led_OBUF[6]_inst/O
                         net (fo=0)                   0.000     3.765    led[6]
    N15                                                               r  led[6] (OUT)
  -------------------------------------------------------------------    -------------------

Slack:                    inf
  Source:                 u_soc/led_o_reg[4]_lopt_replica/C
                            (rising edge-triggered cell FDRE clocked by clk_fpga_0  {rise@0.000ns fall@5.000ns period=10.000ns})
  Destination:            led[4]
                            (output port)
  Path Group:             (none)
  Path Type:              Min at Fast Process Corner
  Data Path Delay:        2.895ns  (logic 1.414ns (48.830%)  route 1.481ns (51.170%))
  Logic Levels:           1  (OBUF=1)
  Clock Uncertainty:      0.152ns  ((TSJ^2 + TIJ^2)^1/2 + DJ) / 2 + PE
    Total System Jitter     (TSJ):    0.050ns
    Total Input Jitter      (TIJ):    0.300ns
    Discrete Jitter          (DJ):    0.000ns
    Phase Error              (PE):    0.000ns

    Location             Delay type                Incr(ns)  Path(ns)    Netlist Resource(s)
  -------------------------------------------------------------------    -------------------
                         (clock clk_fpga_0 rise edge)
                                                      0.000     0.000 r  
    PS7_X0Y0             PS7                          0.000     0.000 r  u_bd/ps_bd_i/ps7/inst/PS7_i/FCLKCLK[0]
                         net (fo=1, routed)           0.310     0.310    u_bd/ps_bd_i/ps7/inst/FCLK_CLK_unbuffered[0]
    BUFGCTRL_X0Y16       BUFG (Prop_bufg_I_O)         0.026     0.336 r  u_bd/ps_bd_i/ps7/inst/buffer_fclk_clk_0.FCLK_CLK_0_BUFG/O
                         net (fo=7163, routed)        0.552     0.888    u_soc/FCLK_CLK0
    SLICE_X43Y84         FDRE                                         r  u_soc/led_o_reg[4]_lopt_replica/C
  -------------------------------------------------------------------    -------------------
    SLICE_X43Y84         FDRE (Prop_fdre_C_Q)         0.141     1.029 r  u_soc/led_o_reg[4]_lopt_replica/Q
                         net (fo=1, routed)           1.481     2.510    lopt_4
    L15                  OBUF (Prop_obuf_I_O)         1.273     3.782 r  led_OBUF[4]_inst/O
                         net (fo=0)                   0.000     3.782    led[4]
    L15                                                               r  led[4] (OUT)
  -------------------------------------------------------------------    -------------------

Slack:                    inf
  Source:                 u_soc/led_o_reg[1]_lopt_replica/C
                            (rising edge-triggered cell FDRE clocked by clk_fpga_0  {rise@0.000ns fall@5.000ns period=10.000ns})
  Destination:            led[1]
                            (output port)
  Path Group:             (none)
  Path Type:              Min at Fast Process Corner
  Data Path Delay:        2.908ns  (logic 1.399ns (48.110%)  route 1.509ns (51.890%))
  Logic Levels:           1  (OBUF=1)
  Clock Uncertainty:      0.152ns  ((TSJ^2 + TIJ^2)^1/2 + DJ) / 2 + PE
    Total System Jitter     (TSJ):    0.050ns
    Total Input Jitter      (TIJ):    0.300ns
    Discrete Jitter          (DJ):    0.000ns
    Phase Error              (PE):    0.000ns

    Location             Delay type                Incr(ns)  Path(ns)    Netlist Resource(s)
  -------------------------------------------------------------------    -------------------
                         (clock clk_fpga_0 rise edge)
                                                      0.000     0.000 r  
    PS7_X0Y0             PS7                          0.000     0.000 r  u_bd/ps_bd_i/ps7/inst/PS7_i/FCLKCLK[0]
                         net (fo=1, routed)           0.310     0.310    u_bd/ps_bd_i/ps7/inst/FCLK_CLK_unbuffered[0]
    BUFGCTRL_X0Y16       BUFG (Prop_bufg_I_O)         0.026     0.336 r  u_bd/ps_bd_i/ps7/inst/buffer_fclk_clk_0.FCLK_CLK_0_BUFG/O
                         net (fo=7163, routed)        0.552     0.888    u_soc/FCLK_CLK0
    SLICE_X43Y84         FDRE                                         r  u_soc/led_o_reg[1]_lopt_replica/C
  -------------------------------------------------------------------    -------------------
    SLICE_X43Y84         FDRE (Prop_fdre_C_Q)         0.141     1.029 r  u_soc/led_o_reg[1]_lopt_replica/Q
                         net (fo=1, routed)           1.509     2.537    lopt_1
    P14                  OBUF (Prop_obuf_I_O)         1.258     3.795 r  led_OBUF[1]_inst/O
                         net (fo=0)                   0.000     3.795    led[1]
    P14                                                               r  led[1] (OUT)
  -------------------------------------------------------------------    -------------------

Slack:                    inf
  Source:                 u_soc/led_o_reg[3]_lopt_replica/C
                            (rising edge-triggered cell FDRE clocked by clk_fpga_0  {rise@0.000ns fall@5.000ns period=10.000ns})
  Destination:            led[3]
                            (output port)
  Path Group:             (none)
  Path Type:              Min at Fast Process Corner
  Data Path Delay:        2.992ns  (logic 1.422ns (47.538%)  route 1.570ns (52.462%))
  Logic Levels:           1  (OBUF=1)
  Clock Uncertainty:      0.152ns  ((TSJ^2 + TIJ^2)^1/2 + DJ) / 2 + PE
    Total System Jitter     (TSJ):    0.050ns
    Total Input Jitter      (TIJ):    0.300ns
    Discrete Jitter          (DJ):    0.000ns
    Phase Error              (PE):    0.000ns

    Location             Delay type                Incr(ns)  Path(ns)    Netlist Resource(s)
  -------------------------------------------------------------------    -------------------
                         (clock clk_fpga_0 rise edge)
                                                      0.000     0.000 r  
    PS7_X0Y0             PS7                          0.000     0.000 r  u_bd/ps_bd_i/ps7/inst/PS7_i/FCLKCLK[0]
                         net (fo=1, routed)           0.310     0.310    u_bd/ps_bd_i/ps7/inst/FCLK_CLK_unbuffered[0]
    BUFGCTRL_X0Y16       BUFG (Prop_bufg_I_O)         0.026     0.336 r  u_bd/ps_bd_i/ps7/inst/buffer_fclk_clk_0.FCLK_CLK_0_BUFG/O
                         net (fo=7163, routed)        0.552     0.888    u_soc/FCLK_CLK0
    SLICE_X43Y84         FDRE                                         r  u_soc/led_o_reg[3]_lopt_replica/C
  -------------------------------------------------------------------    -------------------
    SLICE_X43Y84         FDRE (Prop_fdre_C_Q)         0.141     1.029 r  u_soc/led_o_reg[3]_lopt_replica/Q
                         net (fo=1, routed)           1.570     2.598    lopt_3
    M14                  OBUF (Prop_obuf_I_O)         1.281     3.880 r  led_OBUF[3]_inst/O
                         net (fo=0)                   0.000     3.880    led[3]
    M14                                                               r  led[3] (OUT)
  -------------------------------------------------------------------    -------------------

Slack:                    inf
  Source:                 u_soc/led_o_reg[9]_lopt_replica/C
                            (rising edge-triggered cell FDRE clocked by clk_fpga_0  {rise@0.000ns fall@5.000ns period=10.000ns})
  Destination:            led[9]
                            (output port)
  Path Group:             (none)
  Path Type:              Min at Fast Process Corner
  Data Path Delay:        3.010ns  (logic 1.424ns (47.319%)  route 1.586ns (52.681%))
  Logic Levels:           1  (OBUF=1)
  Clock Uncertainty:      0.152ns  ((TSJ^2 + TIJ^2)^1/2 + DJ) / 2 + PE
    Total System Jitter     (TSJ):    0.050ns
    Total Input Jitter      (TIJ):    0.300ns
    Discrete Jitter          (DJ):    0.000ns
    Phase Error              (PE):    0.000ns

    Location             Delay type                Incr(ns)  Path(ns)    Netlist Resource(s)
  -------------------------------------------------------------------    -------------------
                         (clock clk_fpga_0 rise edge)
                                                      0.000     0.000 r  
    PS7_X0Y0             PS7                          0.000     0.000 r  u_bd/ps_bd_i/ps7/inst/PS7_i/FCLKCLK[0]
                         net (fo=1, routed)           0.310     0.310    u_bd/ps_bd_i/ps7/inst/FCLK_CLK_unbuffered[0]
    BUFGCTRL_X0Y16       BUFG (Prop_bufg_I_O)         0.026     0.336 r  u_bd/ps_bd_i/ps7/inst/buffer_fclk_clk_0.FCLK_CLK_0_BUFG/O
                         net (fo=7163, routed)        0.551     0.887    u_soc/FCLK_CLK0
    SLICE_X44Y83         FDRE                                         r  u_soc/led_o_reg[9]_lopt_replica/C
  -------------------------------------------------------------------    -------------------
    SLICE_X44Y83         FDRE (Prop_fdre_C_Q)         0.141     1.028 r  u_soc/led_o_reg[9]_lopt_replica/Q
                         net (fo=1, routed)           1.586     2.613    lopt_9
    M15                  OBUF (Prop_obuf_I_O)         1.283     3.896 r  led_OBUF[9]_inst/O
                         net (fo=0)                   0.000     3.896    led[9]
    M15                                                               r  led[9] (OUT)
  -------------------------------------------------------------------    -------------------

Slack:                    inf
  Source:                 u_soc/led_o_reg[2]_lopt_replica/C
                            (rising edge-triggered cell FDRE clocked by clk_fpga_0  {rise@0.000ns fall@5.000ns period=10.000ns})
  Destination:            led[2]
                            (output port)
  Path Group:             (none)
  Path Type:              Min at Fast Process Corner
  Data Path Delay:        3.062ns  (logic 1.414ns (46.176%)  route 1.648ns (53.824%))
  Logic Levels:           1  (OBUF=1)
  Clock Uncertainty:      0.152ns  ((TSJ^2 + TIJ^2)^1/2 + DJ) / 2 + PE
    Total System Jitter     (TSJ):    0.050ns
    Total Input Jitter      (TIJ):    0.300ns
    Discrete Jitter          (DJ):    0.000ns
    Phase Error              (PE):    0.000ns

    Location             Delay type                Incr(ns)  Path(ns)    Netlist Resource(s)
  -------------------------------------------------------------------    -------------------
                         (clock clk_fpga_0 rise edge)
                                                      0.000     0.000 r  
    PS7_X0Y0             PS7                          0.000     0.000 r  u_bd/ps_bd_i/ps7/inst/PS7_i/FCLKCLK[0]
                         net (fo=1, routed)           0.310     0.310    u_bd/ps_bd_i/ps7/inst/FCLK_CLK_unbuffered[0]
    BUFGCTRL_X0Y16       BUFG (Prop_bufg_I_O)         0.026     0.336 r  u_bd/ps_bd_i/ps7/inst/buffer_fclk_clk_0.FCLK_CLK_0_BUFG/O
                         net (fo=7163, routed)        0.549     0.885    u_soc/FCLK_CLK0
    SLICE_X44Y81         FDRE                                         r  u_soc/led_o_reg[2]_lopt_replica/C
  -------------------------------------------------------------------    -------------------
    SLICE_X44Y81         FDRE (Prop_fdre_C_Q)         0.141     1.026 r  u_soc/led_o_reg[2]_lopt_replica/Q
                         net (fo=1, routed)           1.648     2.674    lopt_2
    N16                  OBUF (Prop_obuf_I_O)         1.273     3.947 r  led_OBUF[2]_inst/O
                         net (fo=0)                   0.000     3.947    led[2]
    N16                                                               r  led[2] (OUT)
  -------------------------------------------------------------------    -------------------

Slack:                    inf
  Source:                 u_soc/led_o_reg[8]_lopt_replica/C
                            (rising edge-triggered cell FDRE clocked by clk_fpga_0  {rise@0.000ns fall@5.000ns period=10.000ns})
  Destination:            led[8]
                            (output port)
  Path Group:             (none)
  Path Type:              Min at Fast Process Corner
  Data Path Delay:        3.132ns  (logic 1.437ns (45.860%)  route 1.696ns (54.140%))
  Logic Levels:           1  (OBUF=1)
  Clock Uncertainty:      0.152ns  ((TSJ^2 + TIJ^2)^1/2 + DJ) / 2 + PE
    Total System Jitter     (TSJ):    0.050ns
    Total Input Jitter      (TIJ):    0.300ns
    Discrete Jitter          (DJ):    0.000ns
    Phase Error              (PE):    0.000ns

    Location             Delay type                Incr(ns)  Path(ns)    Netlist Resource(s)
  -------------------------------------------------------------------    -------------------
                         (clock clk_fpga_0 rise edge)
                                                      0.000     0.000 r  
    PS7_X0Y0             PS7                          0.000     0.000 r  u_bd/ps_bd_i/ps7/inst/PS7_i/FCLKCLK[0]
                         net (fo=1, routed)           0.310     0.310    u_bd/ps_bd_i/ps7/inst/FCLK_CLK_unbuffered[0]
    BUFGCTRL_X0Y16       BUFG (Prop_bufg_I_O)         0.026     0.336 r  u_bd/ps_bd_i/ps7/inst/buffer_fclk_clk_0.FCLK_CLK_0_BUFG/O
                         net (fo=7163, routed)        0.550     0.886    u_soc/FCLK_CLK0
    SLICE_X43Y82         FDRE                                         r  u_soc/led_o_reg[8]_lopt_replica/C
  -------------------------------------------------------------------    -------------------
    SLICE_X43Y82         FDRE (Prop_fdre_C_Q)         0.141     1.027 r  u_soc/led_o_reg[8]_lopt_replica/Q
                         net (fo=1, routed)           1.696     2.723    lopt_8
    L14                  OBUF (Prop_obuf_I_O)         1.296     4.018 r  led_OBUF[8]_inst/O
                         net (fo=0)                   0.000     4.018    led[8]
    L14                                                               r  led[8] (OUT)
  -------------------------------------------------------------------    -------------------

Slack:                    inf
  Source:                 u_soc/led_o_reg[5]_lopt_replica/C
                            (rising edge-triggered cell FDRE clocked by clk_fpga_0  {rise@0.000ns fall@5.000ns period=10.000ns})
  Destination:            led[5]
                            (output port)
  Path Group:             (none)
  Path Type:              Min at Fast Process Corner
  Data Path Delay:        3.149ns  (logic 1.355ns (43.030%)  route 1.794ns (56.970%))
  Logic Levels:           1  (OBUF=1)
  Clock Uncertainty:      0.152ns  ((TSJ^2 + TIJ^2)^1/2 + DJ) / 2 + PE
    Total System Jitter     (TSJ):    0.050ns
    Total Input Jitter      (TIJ):    0.300ns
    Discrete Jitter          (DJ):    0.000ns
    Phase Error              (PE):    0.000ns

    Location             Delay type                Incr(ns)  Path(ns)    Netlist Resource(s)
  -------------------------------------------------------------------    -------------------
                         (clock clk_fpga_0 rise edge)
                                                      0.000     0.000 r  
    PS7_X0Y0             PS7                          0.000     0.000 r  u_bd/ps_bd_i/ps7/inst/PS7_i/FCLKCLK[0]
                         net (fo=1, routed)           0.310     0.310    u_bd/ps_bd_i/ps7/inst/FCLK_CLK_unbuffered[0]
    BUFGCTRL_X0Y16       BUFG (Prop_bufg_I_O)         0.026     0.336 r  u_bd/ps_bd_i/ps7/inst/buffer_fclk_clk_0.FCLK_CLK_0_BUFG/O
                         net (fo=7163, routed)        0.551     0.887    u_soc/FCLK_CLK0
    SLICE_X44Y83         FDRE                                         r  u_soc/led_o_reg[5]_lopt_replica/C
  -------------------------------------------------------------------    -------------------
    SLICE_X44Y83         FDRE (Prop_fdre_C_Q)         0.141     1.028 r  u_soc/led_o_reg[5]_lopt_replica/Q
                         net (fo=1, routed)           1.794     2.821    lopt_5
    G17                  OBUF (Prop_obuf_I_O)         1.214     4.035 r  led_OBUF[5]_inst/O
                         net (fo=0)                   0.000     4.035    led[5]
    G17                                                               r  led[5] (OUT)
  -------------------------------------------------------------------    -------------------

Slack:                    inf
  Source:                 u_soc/led_o_reg[7]_lopt_replica/C
                            (rising edge-triggered cell FDRE clocked by clk_fpga_0  {rise@0.000ns fall@5.000ns period=10.000ns})
  Destination:            led[7]
                            (output port)
  Path Group:             (none)
  Path Type:              Min at Fast Process Corner
  Data Path Delay:        3.379ns  (logic 1.342ns (39.733%)  route 2.036ns (60.267%))
  Logic Levels:           1  (OBUF=1)
  Clock Uncertainty:      0.152ns  ((TSJ^2 + TIJ^2)^1/2 + DJ) / 2 + PE
    Total System Jitter     (TSJ):    0.050ns
    Total Input Jitter      (TIJ):    0.300ns
    Discrete Jitter          (DJ):    0.000ns
    Phase Error              (PE):    0.000ns

    Location             Delay type                Incr(ns)  Path(ns)    Netlist Resource(s)
  -------------------------------------------------------------------    -------------------
                         (clock clk_fpga_0 rise edge)
                                                      0.000     0.000 r  
    PS7_X0Y0             PS7                          0.000     0.000 r  u_bd/ps_bd_i/ps7/inst/PS7_i/FCLKCLK[0]
                         net (fo=1, routed)           0.310     0.310    u_bd/ps_bd_i/ps7/inst/FCLK_CLK_unbuffered[0]
    BUFGCTRL_X0Y16       BUFG (Prop_bufg_I_O)         0.026     0.336 r  u_bd/ps_bd_i/ps7/inst/buffer_fclk_clk_0.FCLK_CLK_0_BUFG/O
                         net (fo=7163, routed)        0.550     0.886    u_soc/FCLK_CLK0
    SLICE_X43Y82         FDRE                                         r  u_soc/led_o_reg[7]_lopt_replica/C
  -------------------------------------------------------------------    -------------------
    SLICE_X43Y82         FDRE (Prop_fdre_C_Q)         0.141     1.027 r  u_soc/led_o_reg[7]_lopt_replica/Q
                         net (fo=1, routed)           2.036     3.063    lopt_7
    G14                  OBUF (Prop_obuf_I_O)         1.201     4.264 r  led_OBUF[7]_inst/O
                         net (fo=0)                   0.000     4.264    led[7]
    G14                                                               r  led[7] (OUT)
  -------------------------------------------------------------------    -------------------





--------------------------------------------------------------------------------------
Path Group:  (none)
From Clock:  
  To Clock:  clk_fpga_0

Max Delay           286 Endpoints
Min Delay           286 Endpoints
--------------------------------------------------------------------------------------


Max Delay Paths
--------------------------------------------------------------------------------------
Slack:                    inf
  Source:                 u_soc/u_poisson/p_0_out/ACOUT[29]
                            (internal pin)
  Destination:            u_soc/u_poisson/inc_reg[1][28]/D
                            (rising edge-triggered cell FDRE clocked by clk_fpga_0  {rise@0.000ns fall@5.000ns period=10.000ns})
  Path Group:             (none)
  Path Type:              Setup (Max at Slow Process Corner)
  Data Path Delay:        7.126ns  (logic 3.887ns (54.544%)  route 3.239ns (45.456%))
  Logic Levels:           3  (DSP48E1=1 LUT2=1 LUT6=1)
  Clock Uncertainty:      0.152ns  ((TSJ^2 + TIJ^2)^1/2 + DJ) / 2 + PE
    Total System Jitter     (TSJ):    0.050ns
    Total Input Jitter      (TIJ):    0.300ns
    Discrete Jitter          (DJ):    0.000ns
    Phase Error              (PE):    0.000ns

    Location             Delay type                Incr(ns)  Path(ns)    Netlist Resource(s)
  -------------------------------------------------------------------    -------------------
    DSP48_X2Y33          DSP48E1                      0.000     0.000 r  u_soc/u_poisson/p_0_out/ACOUT[29]
                         net (fo=1, routed)           0.002     0.002    u_soc/u_poisson/p_0_out_n_24
    DSP48_X2Y34          DSP48E1 (Prop_dsp48e1_ACIN[29]_P[35])
                                                      3.639     3.641 r  u_soc/u_poisson/p_0_out__0/P[35]
                         net (fo=1, routed)           1.030     4.671    u_soc/u_poisson/p_0_out__1[52]
    SLICE_X39Y88         LUT6 (Prop_lut6_I5_O)        0.124     4.795 r  u_soc/u_poisson/inc[0][31]_i_4/O
                         net (fo=32, routed)          0.966     5.761    u_soc/u_poisson/inc[0][31]_i_4_n_0
    SLICE_X48Y86         LUT2 (Prop_lut2_I0_O)        0.124     5.885 r  u_soc/u_poisson/inc[0][28]_i_1/O
                         net (fo=8, routed)           1.241     7.126    u_soc/u_poisson/calc_inc_return[28]
    SLICE_X60Y89         FDRE                                         r  u_soc/u_poisson/inc_reg[1][28]/D
  -------------------------------------------------------------------    -------------------

                         (clock clk_fpga_0 rise edge)
                                                      0.000     0.000 r  
    PS7_X0Y0             PS7                          0.000     0.000 r  u_bd/ps_bd_i/ps7/inst/PS7_i/FCLKCLK[0]
                         net (fo=1, routed)           1.088     1.088    u_bd/ps_bd_i/ps7/inst/FCLK_CLK_unbuffered[0]
    BUFGCTRL_X0Y16       BUFG (Prop_bufg_I_O)         0.091     1.179 r  u_bd/ps_bd_i/ps7/inst/buffer_fclk_clk_0.FCLK_CLK_0_BUFG/O
                         net (fo=7163, routed)        1.538     2.717    u_soc/u_poisson/FCLK_CLK0
    SLICE_X60Y89         FDRE                                         r  u_soc/u_poisson/inc_reg[1][28]/C

Slack:                    inf
  Source:                 u_soc/u_poisson/p_0_out/ACOUT[29]
                            (internal pin)
  Destination:            u_soc/u_poisson/inc_reg[3][28]/D
                            (rising edge-triggered cell FDRE clocked by clk_fpga_0  {rise@0.000ns fall@5.000ns period=10.000ns})
  Path Group:             (none)
  Path Type:              Setup (Max at Slow Process Corner)
  Data Path Delay:        7.040ns  (logic 3.887ns (55.212%)  route 3.153ns (44.788%))
  Logic Levels:           3  (DSP48E1=1 LUT2=1 LUT6=1)
  Clock Uncertainty:      0.152ns  ((TSJ^2 + TIJ^2)^1/2 + DJ) / 2 + PE
    Total System Jitter     (TSJ):    0.050ns
    Total Input Jitter      (TIJ):    0.300ns
    Discrete Jitter          (DJ):    0.000ns
    Phase Error              (PE):    0.000ns

    Location             Delay type                Incr(ns)  Path(ns)    Netlist Resource(s)
  -------------------------------------------------------------------    -------------------
    DSP48_X2Y33          DSP48E1                      0.000     0.000 r  u_soc/u_poisson/p_0_out/ACOUT[29]
                         net (fo=1, routed)           0.002     0.002    u_soc/u_poisson/p_0_out_n_24
    DSP48_X2Y34          DSP48E1 (Prop_dsp48e1_ACIN[29]_P[35])
                                                      3.639     3.641 r  u_soc/u_poisson/p_0_out__0/P[35]
                         net (fo=1, routed)           1.030     4.671    u_soc/u_poisson/p_0_out__1[52]
    SLICE_X39Y88         LUT6 (Prop_lut6_I5_O)        0.124     4.795 r  u_soc/u_poisson/inc[0][31]_i_4/O
                         net (fo=32, routed)          0.966     5.761    u_soc/u_poisson/inc[0][31]_i_4_n_0
    SLICE_X48Y86         LUT2 (Prop_lut2_I0_O)        0.124     5.885 r  u_soc/u_poisson/inc[0][28]_i_1/O
                         net (fo=8, routed)           1.155     7.040    u_soc/u_poisson/calc_inc_return[28]
    SLICE_X62Y81         FDRE                                         r  u_soc/u_poisson/inc_reg[3][28]/D
  -------------------------------------------------------------------    -------------------

                         (clock clk_fpga_0 rise edge)
                                                      0.000     0.000 r  
    PS7_X0Y0             PS7                          0.000     0.000 r  u_bd/ps_bd_i/ps7/inst/PS7_i/FCLKCLK[0]
                         net (fo=1, routed)           1.088     1.088    u_bd/ps_bd_i/ps7/inst/FCLK_CLK_unbuffered[0]
    BUFGCTRL_X0Y16       BUFG (Prop_bufg_I_O)         0.091     1.179 r  u_bd/ps_bd_i/ps7/inst/buffer_fclk_clk_0.FCLK_CLK_0_BUFG/O
                         net (fo=7163, routed)        1.530     2.709    u_soc/u_poisson/FCLK_CLK0
    SLICE_X62Y81         FDRE                                         r  u_soc/u_poisson/inc_reg[3][28]/C

Slack:                    inf
  Source:                 u_soc/u_poisson/p_0_out/ACOUT[29]
                            (internal pin)
  Destination:            u_soc/u_poisson/inc_reg[0][15]/D
                            (rising edge-triggered cell FDRE clocked by clk_fpga_0  {rise@0.000ns fall@5.000ns period=10.000ns})
  Path Group:             (none)
  Path Type:              Setup (Max at Slow Process Corner)
  Data Path Delay:        7.025ns  (logic 3.887ns (55.335%)  route 3.138ns (44.665%))
  Logic Levels:           3  (DSP48E1=1 LUT2=1 LUT6=1)
  Clock Uncertainty:      0.152ns  ((TSJ^2 + TIJ^2)^1/2 + DJ) / 2 + PE
    Total System Jitter     (TSJ):    0.050ns
    Total Input Jitter      (TIJ):    0.300ns
    Discrete Jitter          (DJ):    0.000ns
    Phase Error              (PE):    0.000ns

    Location             Delay type                Incr(ns)  Path(ns)    Netlist Resource(s)
  -------------------------------------------------------------------    -------------------
    DSP48_X2Y33          DSP48E1                      0.000     0.000 r  u_soc/u_poisson/p_0_out/ACOUT[29]
                         net (fo=1, routed)           0.002     0.002    u_soc/u_poisson/p_0_out_n_24
    DSP48_X2Y34          DSP48E1 (Prop_dsp48e1_ACIN[29]_P[35])
                                                      3.639     3.641 r  u_soc/u_poisson/p_0_out__0/P[35]
                         net (fo=1, routed)           1.030     4.671    u_soc/u_poisson/p_0_out__1[52]
    SLICE_X39Y88         LUT6 (Prop_lut6_I5_O)        0.124     4.795 r  u_soc/u_poisson/inc[0][31]_i_4/O
                         net (fo=32, routed)          0.955     5.750    u_soc/u_poisson/inc[0][31]_i_4_n_0
    SLICE_X49Y86         LUT2 (Prop_lut2_I0_O)        0.124     5.874 r  u_soc/u_poisson/inc[0][15]_i_1/O
                         net (fo=8, routed)           1.150     7.025    u_soc/u_poisson/calc_inc_return[15]
    SLICE_X60Y83         FDRE                                         r  u_soc/u_poisson/inc_reg[0][15]/D
  -------------------------------------------------------------------    -------------------

                         (clock clk_fpga_0 rise edge)
                                                      0.000     0.000 r  
    PS7_X0Y0             PS7                          0.000     0.000 r  u_bd/ps_bd_i/ps7/inst/PS7_i/FCLKCLK[0]
                         net (fo=1, routed)           1.088     1.088    u_bd/ps_bd_i/ps7/inst/FCLK_CLK_unbuffered[0]
    BUFGCTRL_X0Y16       BUFG (Prop_bufg_I_O)         0.091     1.179 r  u_bd/ps_bd_i/ps7/inst/buffer_fclk_clk_0.FCLK_CLK_0_BUFG/O
                         net (fo=7163, routed)        1.533     2.712    u_soc/u_poisson/FCLK_CLK0
    SLICE_X60Y83         FDRE                                         r  u_soc/u_poisson/inc_reg[0][15]/C

Slack:                    inf
  Source:                 u_soc/u_poisson/p_0_out/ACOUT[29]
                            (internal pin)
  Destination:            u_soc/u_poisson/inc_reg[0][6]/D
                            (rising edge-triggered cell FDRE clocked by clk_fpga_0  {rise@0.000ns fall@5.000ns period=10.000ns})
  Path Group:             (none)
  Path Type:              Setup (Max at Slow Process Corner)
  Data Path Delay:        7.018ns  (logic 3.887ns (55.387%)  route 3.131ns (44.613%))
  Logic Levels:           3  (DSP48E1=1 LUT2=1 LUT6=1)
  Clock Uncertainty:      0.152ns  ((TSJ^2 + TIJ^2)^1/2 + DJ) / 2 + PE
    Total System Jitter     (TSJ):    0.050ns
    Total Input Jitter      (TIJ):    0.300ns
    Discrete Jitter          (DJ):    0.000ns
    Phase Error              (PE):    0.000ns

    Location             Delay type                Incr(ns)  Path(ns)    Netlist Resource(s)
  -------------------------------------------------------------------    -------------------
    DSP48_X2Y33          DSP48E1                      0.000     0.000 r  u_soc/u_poisson/p_0_out/ACOUT[29]
                         net (fo=1, routed)           0.002     0.002    u_soc/u_poisson/p_0_out_n_24
    DSP48_X2Y34          DSP48E1 (Prop_dsp48e1_ACIN[29]_P[35])
                                                      3.639     3.641 r  u_soc/u_poisson/p_0_out__0/P[35]
                         net (fo=1, routed)           1.030     4.671    u_soc/u_poisson/p_0_out__1[52]
    SLICE_X39Y88         LUT6 (Prop_lut6_I5_O)        0.124     4.795 r  u_soc/u_poisson/inc[0][31]_i_4/O
                         net (fo=32, routed)          0.833     5.628    u_soc/u_poisson/inc[0][31]_i_4_n_0
    SLICE_X46Y86         LUT2 (Prop_lut2_I0_O)        0.124     5.752 r  u_soc/u_poisson/inc[0][6]_i_1/O
                         net (fo=8, routed)           1.266     7.018    u_soc/u_poisson/calc_inc_return[6]
    SLICE_X61Y82         FDRE                                         r  u_soc/u_poisson/inc_reg[0][6]/D
  -------------------------------------------------------------------    -------------------

                         (clock clk_fpga_0 rise edge)
                                                      0.000     0.000 r  
    PS7_X0Y0             PS7                          0.000     0.000 r  u_bd/ps_bd_i/ps7/inst/PS7_i/FCLKCLK[0]
                         net (fo=1, routed)           1.088     1.088    u_bd/ps_bd_i/ps7/inst/FCLK_CLK_unbuffered[0]
    BUFGCTRL_X0Y16       BUFG (Prop_bufg_I_O)         0.091     1.179 r  u_bd/ps_bd_i/ps7/inst/buffer_fclk_clk_0.FCLK_CLK_0_BUFG/O
                         net (fo=7163, routed)        1.532     2.711    u_soc/u_poisson/FCLK_CLK0
    SLICE_X61Y82         FDRE                                         r  u_soc/u_poisson/inc_reg[0][6]/C

Slack:                    inf
  Source:                 u_soc/u_poisson/p_0_out/ACOUT[29]
                            (internal pin)
  Destination:            u_soc/u_poisson/inc_reg[3][24]/D
                            (rising edge-triggered cell FDRE clocked by clk_fpga_0  {rise@0.000ns fall@5.000ns period=10.000ns})
  Path Group:             (none)
  Path Type:              Setup (Max at Slow Process Corner)
  Data Path Delay:        7.016ns  (logic 3.887ns (55.401%)  route 3.129ns (44.599%))
  Logic Levels:           3  (DSP48E1=1 LUT2=1 LUT6=1)
  Clock Uncertainty:      0.152ns  ((TSJ^2 + TIJ^2)^1/2 + DJ) / 2 + PE
    Total System Jitter     (TSJ):    0.050ns
    Total Input Jitter      (TIJ):    0.300ns
    Discrete Jitter          (DJ):    0.000ns
    Phase Error              (PE):    0.000ns

    Location             Delay type                Incr(ns)  Path(ns)    Netlist Resource(s)
  -------------------------------------------------------------------    -------------------
    DSP48_X2Y33          DSP48E1                      0.000     0.000 r  u_soc/u_poisson/p_0_out/ACOUT[29]
                         net (fo=1, routed)           0.002     0.002    u_soc/u_poisson/p_0_out_n_24
    DSP48_X2Y34          DSP48E1 (Prop_dsp48e1_ACIN[29]_P[35])
                                                      3.639     3.641 r  u_soc/u_poisson/p_0_out__0/P[35]
                         net (fo=1, routed)           1.030     4.671    u_soc/u_poisson/p_0_out__1[52]
    SLICE_X39Y88         LUT6 (Prop_lut6_I5_O)        0.124     4.795 r  u_soc/u_poisson/inc[0][31]_i_4/O
                         net (fo=32, routed)          0.803     5.599    u_soc/u_poisson/inc[0][31]_i_4_n_0
    SLICE_X49Y85         LUT2 (Prop_lut2_I0_O)        0.124     5.723 r  u_soc/u_poisson/inc[0][24]_i_1/O
                         net (fo=8, routed)           1.294     7.016    u_soc/u_poisson/calc_inc_return[24]
    SLICE_X62Y80         FDRE                                         r  u_soc/u_poisson/inc_reg[3][24]/D
  -------------------------------------------------------------------    -------------------

                         (clock clk_fpga_0 rise edge)
                                                      0.000     0.000 r  
    PS7_X0Y0             PS7                          0.000     0.000 r  u_bd/ps_bd_i/ps7/inst/PS7_i/FCLKCLK[0]
                         net (fo=1, routed)           1.088     1.088    u_bd/ps_bd_i/ps7/inst/FCLK_CLK_unbuffered[0]
    BUFGCTRL_X0Y16       BUFG (Prop_bufg_I_O)         0.091     1.179 r  u_bd/ps_bd_i/ps7/inst/buffer_fclk_clk_0.FCLK_CLK_0_BUFG/O
                         net (fo=7163, routed)        1.529     2.708    u_soc/u_poisson/FCLK_CLK0
    SLICE_X62Y80         FDRE                                         r  u_soc/u_poisson/inc_reg[3][24]/C

Slack:                    inf
  Source:                 u_soc/u_poisson/p_0_out/ACOUT[29]
                            (internal pin)
  Destination:            u_soc/u_poisson/inc_reg[3][3]/D
                            (rising edge-triggered cell FDRE clocked by clk_fpga_0  {rise@0.000ns fall@5.000ns period=10.000ns})
  Path Group:             (none)
  Path Type:              Setup (Max at Slow Process Corner)
  Data Path Delay:        7.012ns  (logic 3.880ns (55.333%)  route 3.132ns (44.667%))
  Logic Levels:           3  (DSP48E1=1 LUT2=1 LUT6=1)
  Clock Uncertainty:      0.152ns  ((TSJ^2 + TIJ^2)^1/2 + DJ) / 2 + PE
    Total System Jitter     (TSJ):    0.050ns
    Total Input Jitter      (TIJ):    0.300ns
    Discrete Jitter          (DJ):    0.000ns
    Phase Error              (PE):    0.000ns

    Location             Delay type                Incr(ns)  Path(ns)    Netlist Resource(s)
  -------------------------------------------------------------------    -------------------
    DSP48_X2Y33          DSP48E1                      0.000     0.000 r  u_soc/u_poisson/p_0_out/ACOUT[29]
                         net (fo=1, routed)           0.002     0.002    u_soc/u_poisson/p_0_out_n_24
    DSP48_X2Y34          DSP48E1 (Prop_dsp48e1_ACIN[29]_P[35])
                                                      3.639     3.641 r  u_soc/u_poisson/p_0_out__0/P[35]
                         net (fo=1, routed)           1.030     4.671    u_soc/u_poisson/p_0_out__1[52]
    SLICE_X39Y88         LUT6 (Prop_lut6_I5_O)        0.124     4.795 r  u_soc/u_poisson/inc[0][31]_i_4/O
                         net (fo=32, routed)          0.802     5.598    u_soc/u_poisson/inc[0][31]_i_4_n_0
    SLICE_X49Y85         LUT2 (Prop_lut2_I0_O)        0.117     5.715 r  u_soc/u_poisson/inc[0][3]_i_1/O
                         net (fo=8, routed)           1.297     7.012    u_soc/u_poisson/calc_inc_return[3]
    SLICE_X61Y77         FDRE                                         r  u_soc/u_poisson/inc_reg[3][3]/D
  -------------------------------------------------------------------    -------------------

                         (clock clk_fpga_0 rise edge)
                                                      0.000     0.000 r  
    PS7_X0Y0             PS7                          0.000     0.000 r  u_bd/ps_bd_i/ps7/inst/PS7_i/FCLKCLK[0]
                         net (fo=1, routed)           1.088     1.088    u_bd/ps_bd_i/ps7/inst/FCLK_CLK_unbuffered[0]
    BUFGCTRL_X0Y16       BUFG (Prop_bufg_I_O)         0.091     1.179 r  u_bd/ps_bd_i/ps7/inst/buffer_fclk_clk_0.FCLK_CLK_0_BUFG/O
                         net (fo=7163, routed)        1.526     2.705    u_soc/u_poisson/FCLK_CLK0
    SLICE_X61Y77         FDRE                                         r  u_soc/u_poisson/inc_reg[3][3]/C

Slack:                    inf
  Source:                 u_soc/u_poisson/p_0_out/ACOUT[29]
                            (internal pin)
  Destination:            u_soc/u_poisson/inc_reg[3][26]/D
                            (rising edge-triggered cell FDRE clocked by clk_fpga_0  {rise@0.000ns fall@5.000ns period=10.000ns})
  Path Group:             (none)
  Path Type:              Setup (Max at Slow Process Corner)
  Data Path Delay:        7.009ns  (logic 3.887ns (55.458%)  route 3.122ns (44.542%))
  Logic Levels:           3  (DSP48E1=1 LUT2=1 LUT6=1)
  Clock Uncertainty:      0.152ns  ((TSJ^2 + TIJ^2)^1/2 + DJ) / 2 + PE
    Total System Jitter     (TSJ):    0.050ns
    Total Input Jitter      (TIJ):    0.300ns
    Discrete Jitter          (DJ):    0.000ns
    Phase Error              (PE):    0.000ns

    Location             Delay type                Incr(ns)  Path(ns)    Netlist Resource(s)
  -------------------------------------------------------------------    -------------------
    DSP48_X2Y33          DSP48E1                      0.000     0.000 r  u_soc/u_poisson/p_0_out/ACOUT[29]
                         net (fo=1, routed)           0.002     0.002    u_soc/u_poisson/p_0_out_n_24
    DSP48_X2Y34          DSP48E1 (Prop_dsp48e1_ACIN[29]_P[35])
                                                      3.639     3.641 r  u_soc/u_poisson/p_0_out__0/P[35]
                         net (fo=1, routed)           1.030     4.671    u_soc/u_poisson/p_0_out__1[52]
    SLICE_X39Y88         LUT6 (Prop_lut6_I5_O)        0.124     4.795 r  u_soc/u_poisson/inc[0][31]_i_4/O
                         net (fo=32, routed)          0.822     5.617    u_soc/u_poisson/inc[0][31]_i_4_n_0
    SLICE_X46Y86         LUT2 (Prop_lut2_I0_O)        0.124     5.741 r  u_soc/u_poisson/inc[0][26]_i_1/O
                         net (fo=8, routed)           1.268     7.009    u_soc/u_poisson/calc_inc_return[26]
    SLICE_X62Y80         FDRE                                         r  u_soc/u_poisson/inc_reg[3][26]/D
  -------------------------------------------------------------------    -------------------

                         (clock clk_fpga_0 rise edge)
                                                      0.000     0.000 r  
    PS7_X0Y0             PS7                          0.000     0.000 r  u_bd/ps_bd_i/ps7/inst/PS7_i/FCLKCLK[0]
                         net (fo=1, routed)           1.088     1.088    u_bd/ps_bd_i/ps7/inst/FCLK_CLK_unbuffered[0]
    BUFGCTRL_X0Y16       BUFG (Prop_bufg_I_O)         0.091     1.179 r  u_bd/ps_bd_i/ps7/inst/buffer_fclk_clk_0.FCLK_CLK_0_BUFG/O
                         net (fo=7163, routed)        1.529     2.708    u_soc/u_poisson/FCLK_CLK0
    SLICE_X62Y80         FDRE                                         r  u_soc/u_poisson/inc_reg[3][26]/C

Slack:                    inf
  Source:                 u_soc/u_poisson/p_0_out/ACOUT[29]
                            (internal pin)
  Destination:            u_soc/u_poisson/inc_reg[6][26]/D
                            (rising edge-triggered cell FDRE clocked by clk_fpga_0  {rise@0.000ns fall@5.000ns period=10.000ns})
  Path Group:             (none)
  Path Type:              Setup (Max at Slow Process Corner)
  Data Path Delay:        7.006ns  (logic 3.887ns (55.479%)  route 3.119ns (44.521%))
  Logic Levels:           3  (DSP48E1=1 LUT2=1 LUT6=1)
  Clock Uncertainty:      0.152ns  ((TSJ^2 + TIJ^2)^1/2 + DJ) / 2 + PE
    Total System Jitter     (TSJ):    0.050ns
    Total Input Jitter      (TIJ):    0.300ns
    Discrete Jitter          (DJ):    0.000ns
    Phase Error              (PE):    0.000ns

    Location             Delay type                Incr(ns)  Path(ns)    Netlist Resource(s)
  -------------------------------------------------------------------    -------------------
    DSP48_X2Y33          DSP48E1                      0.000     0.000 r  u_soc/u_poisson/p_0_out/ACOUT[29]
                         net (fo=1, routed)           0.002     0.002    u_soc/u_poisson/p_0_out_n_24
    DSP48_X2Y34          DSP48E1 (Prop_dsp48e1_ACIN[29]_P[35])
                                                      3.639     3.641 r  u_soc/u_poisson/p_0_out__0/P[35]
                         net (fo=1, routed)           1.030     4.671    u_soc/u_poisson/p_0_out__1[52]
    SLICE_X39Y88         LUT6 (Prop_lut6_I5_O)        0.124     4.795 r  u_soc/u_poisson/inc[0][31]_i_4/O
                         net (fo=32, routed)          0.822     5.617    u_soc/u_poisson/inc[0][31]_i_4_n_0
    SLICE_X46Y86         LUT2 (Prop_lut2_I0_O)        0.124     5.741 r  u_soc/u_poisson/inc[0][26]_i_1/O
                         net (fo=8, routed)           1.265     7.006    u_soc/u_poisson/calc_inc_return[26]
    SLICE_X63Y88         FDRE                                         r  u_soc/u_poisson/inc_reg[6][26]/D
  -------------------------------------------------------------------    -------------------

                         (clock clk_fpga_0 rise edge)
                                                      0.000     0.000 r  
    PS7_X0Y0             PS7                          0.000     0.000 r  u_bd/ps_bd_i/ps7/inst/PS7_i/FCLKCLK[0]
                         net (fo=1, routed)           1.088     1.088    u_bd/ps_bd_i/ps7/inst/FCLK_CLK_unbuffered[0]
    BUFGCTRL_X0Y16       BUFG (Prop_bufg_I_O)         0.091     1.179 r  u_bd/ps_bd_i/ps7/inst/buffer_fclk_clk_0.FCLK_CLK_0_BUFG/O
                         net (fo=7163, routed)        1.537     2.716    u_soc/u_poisson/FCLK_CLK0
    SLICE_X63Y88         FDRE                                         r  u_soc/u_poisson/inc_reg[6][26]/C

Slack:                    inf
  Source:                 u_soc/u_poisson/p_0_out/ACOUT[29]
                            (internal pin)
  Destination:            u_soc/u_poisson/inc_reg[5][29]/D
                            (rising edge-triggered cell FDRE clocked by clk_fpga_0  {rise@0.000ns fall@5.000ns period=10.000ns})
  Path Group:             (none)
  Path Type:              Setup (Max at Slow Process Corner)
  Data Path Delay:        6.998ns  (logic 3.881ns (55.459%)  route 3.117ns (44.541%))
  Logic Levels:           3  (DSP48E1=1 LUT2=1 LUT6=1)
  Clock Uncertainty:      0.152ns  ((TSJ^2 + TIJ^2)^1/2 + DJ) / 2 + PE
    Total System Jitter     (TSJ):    0.050ns
    Total Input Jitter      (TIJ):    0.300ns
    Discrete Jitter          (DJ):    0.000ns
    Phase Error              (PE):    0.000ns

    Location             Delay type                Incr(ns)  Path(ns)    Netlist Resource(s)
  -------------------------------------------------------------------    -------------------
    DSP48_X2Y33          DSP48E1                      0.000     0.000 r  u_soc/u_poisson/p_0_out/ACOUT[29]
                         net (fo=1, routed)           0.002     0.002    u_soc/u_poisson/p_0_out_n_24
    DSP48_X2Y34          DSP48E1 (Prop_dsp48e1_ACIN[29]_P[35])
                                                      3.639     3.641 r  u_soc/u_poisson/p_0_out__0/P[35]
                         net (fo=1, routed)           1.030     4.671    u_soc/u_poisson/p_0_out__1[52]
    SLICE_X39Y88         LUT6 (Prop_lut6_I5_O)        0.124     4.795 r  u_soc/u_poisson/inc[0][31]_i_4/O
                         net (fo=32, routed)          0.966     5.761    u_soc/u_poisson/inc[0][31]_i_4_n_0
    SLICE_X48Y86         LUT2 (Prop_lut2_I0_O)        0.118     5.879 r  u_soc/u_poisson/inc[0][29]_i_1/O
                         net (fo=8, routed)           1.119     6.998    u_soc/u_poisson/calc_inc_return[29]
    SLICE_X58Y81         FDRE                                         r  u_soc/u_poisson/inc_reg[5][29]/D
  -------------------------------------------------------------------    -------------------

                         (clock clk_fpga_0 rise edge)
                                                      0.000     0.000 r  
    PS7_X0Y0             PS7                          0.000     0.000 r  u_bd/ps_bd_i/ps7/inst/PS7_i/FCLKCLK[0]
                         net (fo=1, routed)           1.088     1.088    u_bd/ps_bd_i/ps7/inst/FCLK_CLK_unbuffered[0]
    BUFGCTRL_X0Y16       BUFG (Prop_bufg_I_O)         0.091     1.179 r  u_bd/ps_bd_i/ps7/inst/buffer_fclk_clk_0.FCLK_CLK_0_BUFG/O
                         net (fo=7163, routed)        1.527     2.706    u_soc/u_poisson/FCLK_CLK0
    SLICE_X58Y81         FDRE                                         r  u_soc/u_poisson/inc_reg[5][29]/C

Slack:                    inf
  Source:                 u_soc/u_poisson/p_0_out/ACOUT[29]
                            (internal pin)
  Destination:            u_soc/u_poisson/inc_reg[3][22]/D
                            (rising edge-triggered cell FDRE clocked by clk_fpga_0  {rise@0.000ns fall@5.000ns period=10.000ns})
  Path Group:             (none)
  Path Type:              Setup (Max at Slow Process Corner)
  Data Path Delay:        6.997ns  (logic 3.887ns (55.554%)  route 3.110ns (44.446%))
  Logic Levels:           3  (DSP48E1=1 LUT2=1 LUT6=1)
  Clock Uncertainty:      0.152ns  ((TSJ^2 + TIJ^2)^1/2 + DJ) / 2 + PE
    Total System Jitter     (TSJ):    0.050ns
    Total Input Jitter      (TIJ):    0.300ns
    Discrete Jitter          (DJ):    0.000ns
    Phase Error              (PE):    0.000ns

    Location             Delay type                Incr(ns)  Path(ns)    Netlist Resource(s)
  -------------------------------------------------------------------    -------------------
    DSP48_X2Y33          DSP48E1                      0.000     0.000 r  u_soc/u_poisson/p_0_out/ACOUT[29]
                         net (fo=1, routed)           0.002     0.002    u_soc/u_poisson/p_0_out_n_24
    DSP48_X2Y34          DSP48E1 (Prop_dsp48e1_ACIN[29]_P[35])
                                                      3.639     3.641 r  u_soc/u_poisson/p_0_out__0/P[35]
                         net (fo=1, routed)           1.030     4.671    u_soc/u_poisson/p_0_out__1[52]
    SLICE_X39Y88         LUT6 (Prop_lut6_I5_O)        0.124     4.795 r  u_soc/u_poisson/inc[0][31]_i_4/O
                         net (fo=32, routed)          0.819     5.614    u_soc/u_poisson/inc[0][31]_i_4_n_0
    SLICE_X49Y85         LUT2 (Prop_lut2_I0_O)        0.124     5.738 r  u_soc/u_poisson/inc[0][22]_i_1/O
                         net (fo=8, routed)           1.259     6.997    u_soc/u_poisson/calc_inc_return[22]
    SLICE_X60Y79         FDRE                                         r  u_soc/u_poisson/inc_reg[3][22]/D
  -------------------------------------------------------------------    -------------------

                         (clock clk_fpga_0 rise edge)
                                                      0.000     0.000 r  
    PS7_X0Y0             PS7                          0.000     0.000 r  u_bd/ps_bd_i/ps7/inst/PS7_i/FCLKCLK[0]
                         net (fo=1, routed)           1.088     1.088    u_bd/ps_bd_i/ps7/inst/FCLK_CLK_unbuffered[0]
    BUFGCTRL_X0Y16       BUFG (Prop_bufg_I_O)         0.091     1.179 r  u_bd/ps_bd_i/ps7/inst/buffer_fclk_clk_0.FCLK_CLK_0_BUFG/O
                         net (fo=7163, routed)        1.529     2.708    u_soc/u_poisson/FCLK_CLK0
    SLICE_X60Y79         FDRE                                         r  u_soc/u_poisson/inc_reg[3][22]/C





Min Delay Paths
--------------------------------------------------------------------------------------
Slack:                    inf
  Source:                 u_soc/u_engine/p2_prod0__0/ACOUT[0]
                            (internal pin)
  Destination:            u_soc/u_engine/p2_prod_reg__0/ACIN[0]
                            (rising edge-triggered cell DSP48E1 clocked by clk_fpga_0  {rise@0.000ns fall@5.000ns period=10.000ns})
  Path Group:             (none)
  Path Type:              Hold (Min at Slow Process Corner)
  Data Path Delay:        0.002ns  (logic 0.000ns (0.000%)  route 0.002ns (100.000%))
  Logic Levels:           0  
  Clock Uncertainty:      0.152ns  ((TSJ^2 + TIJ^2)^1/2 + DJ) / 2 + PE
    Total System Jitter     (TSJ):    0.050ns
    Total Input Jitter      (TIJ):    0.300ns
    Discrete Jitter          (DJ):    0.000ns
    Phase Error              (PE):    0.000ns

    Location             Delay type                Incr(ns)  Path(ns)    Netlist Resource(s)
  -------------------------------------------------------------------    -------------------
    DSP48_X2Y4           DSP48E1                      0.000     0.000 r  u_soc/u_engine/p2_prod0__0/ACOUT[0]
                         net (fo=1, routed)           0.002     0.002    u_soc/u_engine/p2_prod0__0_n_53
    DSP48_X2Y5           DSP48E1                                      r  u_soc/u_engine/p2_prod_reg__0/ACIN[0]
  -------------------------------------------------------------------    -------------------

                         (clock clk_fpga_0 rise edge)
                                                      0.000     0.000 r  
    PS7_X0Y0             PS7                          0.000     0.000 r  u_bd/ps_bd_i/ps7/inst/PS7_i/FCLKCLK[0]
                         net (fo=1, routed)           1.193     1.193    u_bd/ps_bd_i/ps7/inst/FCLK_CLK_unbuffered[0]
    BUFGCTRL_X0Y16       BUFG (Prop_bufg_I_O)         0.101     1.294 r  u_bd/ps_bd_i/ps7/inst/buffer_fclk_clk_0.FCLK_CLK_0_BUFG/O
                         net (fo=7163, routed)        1.754     3.048    u_soc/u_engine/FCLK_CLK0
    DSP48_X2Y5           DSP48E1                                      r  u_soc/u_engine/p2_prod_reg__0/CLK

Slack:                    inf
  Source:                 u_soc/u_engine/p2_prod0__0/ACOUT[10]
                            (internal pin)
  Destination:            u_soc/u_engine/p2_prod_reg__0/ACIN[10]
                            (rising edge-triggered cell DSP48E1 clocked by clk_fpga_0  {rise@0.000ns fall@5.000ns period=10.000ns})
  Path Group:             (none)
  Path Type:              Hold (Min at Slow Process Corner)
  Data Path Delay:        0.002ns  (logic 0.000ns (0.000%)  route 0.002ns (100.000%))
  Logic Levels:           0  
  Clock Uncertainty:      0.152ns  ((TSJ^2 + TIJ^2)^1/2 + DJ) / 2 + PE
    Total System Jitter     (TSJ):    0.050ns
    Total Input Jitter      (TIJ):    0.300ns
    Discrete Jitter          (DJ):    0.000ns
    Phase Error              (PE):    0.000ns

    Location             Delay type                Incr(ns)  Path(ns)    Netlist Resource(s)
  -------------------------------------------------------------------    -------------------
    DSP48_X2Y4           DSP48E1                      0.000     0.000 r  u_soc/u_engine/p2_prod0__0/ACOUT[10]
                         net (fo=1, routed)           0.002     0.002    u_soc/u_engine/p2_prod0__0_n_43
    DSP48_X2Y5           DSP48E1                                      r  u_soc/u_engine/p2_prod_reg__0/ACIN[10]
  -------------------------------------------------------------------    -------------------

                         (clock clk_fpga_0 rise edge)
                                                      0.000     0.000 r  
    PS7_X0Y0             PS7                          0.000     0.000 r  u_bd/ps_bd_i/ps7/inst/PS7_i/FCLKCLK[0]
                         net (fo=1, routed)           1.193     1.193    u_bd/ps_bd_i/ps7/inst/FCLK_CLK_unbuffered[0]
    BUFGCTRL_X0Y16       BUFG (Prop_bufg_I_O)         0.101     1.294 r  u_bd/ps_bd_i/ps7/inst/buffer_fclk_clk_0.FCLK_CLK_0_BUFG/O
                         net (fo=7163, routed)        1.754     3.048    u_soc/u_engine/FCLK_CLK0
    DSP48_X2Y5           DSP48E1                                      r  u_soc/u_engine/p2_prod_reg__0/CLK

Slack:                    inf
  Source:                 u_soc/u_engine/p2_prod0__0/ACOUT[11]
                            (internal pin)
  Destination:            u_soc/u_engine/p2_prod_reg__0/ACIN[11]
                            (rising edge-triggered cell DSP48E1 clocked by clk_fpga_0  {rise@0.000ns fall@5.000ns period=10.000ns})
  Path Group:             (none)
  Path Type:              Hold (Min at Slow Process Corner)
  Data Path Delay:        0.002ns  (logic 0.000ns (0.000%)  route 0.002ns (100.000%))
  Logic Levels:           0  
  Clock Uncertainty:      0.152ns  ((TSJ^2 + TIJ^2)^1/2 + DJ) / 2 + PE
    Total System Jitter     (TSJ):    0.050ns
    Total Input Jitter      (TIJ):    0.300ns
    Discrete Jitter          (DJ):    0.000ns
    Phase Error              (PE):    0.000ns

    Location             Delay type                Incr(ns)  Path(ns)    Netlist Resource(s)
  -------------------------------------------------------------------    -------------------
    DSP48_X2Y4           DSP48E1                      0.000     0.000 r  u_soc/u_engine/p2_prod0__0/ACOUT[11]
                         net (fo=1, routed)           0.002     0.002    u_soc/u_engine/p2_prod0__0_n_42
    DSP48_X2Y5           DSP48E1                                      r  u_soc/u_engine/p2_prod_reg__0/ACIN[11]
  -------------------------------------------------------------------    -------------------

                         (clock clk_fpga_0 rise edge)
                                                      0.000     0.000 r  
    PS7_X0Y0             PS7                          0.000     0.000 r  u_bd/ps_bd_i/ps7/inst/PS7_i/FCLKCLK[0]
                         net (fo=1, routed)           1.193     1.193    u_bd/ps_bd_i/ps7/inst/FCLK_CLK_unbuffered[0]
    BUFGCTRL_X0Y16       BUFG (Prop_bufg_I_O)         0.101     1.294 r  u_bd/ps_bd_i/ps7/inst/buffer_fclk_clk_0.FCLK_CLK_0_BUFG/O
                         net (fo=7163, routed)        1.754     3.048    u_soc/u_engine/FCLK_CLK0
    DSP48_X2Y5           DSP48E1                                      r  u_soc/u_engine/p2_prod_reg__0/CLK

Slack:                    inf
  Source:                 u_soc/u_engine/p2_prod0__0/ACOUT[12]
                            (internal pin)
  Destination:            u_soc/u_engine/p2_prod_reg__0/ACIN[12]
                            (rising edge-triggered cell DSP48E1 clocked by clk_fpga_0  {rise@0.000ns fall@5.000ns period=10.000ns})
  Path Group:             (none)
  Path Type:              Hold (Min at Slow Process Corner)
  Data Path Delay:        0.002ns  (logic 0.000ns (0.000%)  route 0.002ns (100.000%))
  Logic Levels:           0  
  Clock Uncertainty:      0.152ns  ((TSJ^2 + TIJ^2)^1/2 + DJ) / 2 + PE
    Total System Jitter     (TSJ):    0.050ns
    Total Input Jitter      (TIJ):    0.300ns
    Discrete Jitter          (DJ):    0.000ns
    Phase Error              (PE):    0.000ns

    Location             Delay type                Incr(ns)  Path(ns)    Netlist Resource(s)
  -------------------------------------------------------------------    -------------------
    DSP48_X2Y4           DSP48E1                      0.000     0.000 r  u_soc/u_engine/p2_prod0__0/ACOUT[12]
                         net (fo=1, routed)           0.002     0.002    u_soc/u_engine/p2_prod0__0_n_41
    DSP48_X2Y5           DSP48E1                                      r  u_soc/u_engine/p2_prod_reg__0/ACIN[12]
  -------------------------------------------------------------------    -------------------

                         (clock clk_fpga_0 rise edge)
                                                      0.000     0.000 r  
    PS7_X0Y0             PS7                          0.000     0.000 r  u_bd/ps_bd_i/ps7/inst/PS7_i/FCLKCLK[0]
                         net (fo=1, routed)           1.193     1.193    u_bd/ps_bd_i/ps7/inst/FCLK_CLK_unbuffered[0]
    BUFGCTRL_X0Y16       BUFG (Prop_bufg_I_O)         0.101     1.294 r  u_bd/ps_bd_i/ps7/inst/buffer_fclk_clk_0.FCLK_CLK_0_BUFG/O
                         net (fo=7163, routed)        1.754     3.048    u_soc/u_engine/FCLK_CLK0
    DSP48_X2Y5           DSP48E1                                      r  u_soc/u_engine/p2_prod_reg__0/CLK

Slack:                    inf
  Source:                 u_soc/u_engine/p2_prod0__0/ACOUT[13]
                            (internal pin)
  Destination:            u_soc/u_engine/p2_prod_reg__0/ACIN[13]
                            (rising edge-triggered cell DSP48E1 clocked by clk_fpga_0  {rise@0.000ns fall@5.000ns period=10.000ns})
  Path Group:             (none)
  Path Type:              Hold (Min at Slow Process Corner)
  Data Path Delay:        0.002ns  (logic 0.000ns (0.000%)  route 0.002ns (100.000%))
  Logic Levels:           0  
  Clock Uncertainty:      0.152ns  ((TSJ^2 + TIJ^2)^1/2 + DJ) / 2 + PE
    Total System Jitter     (TSJ):    0.050ns
    Total Input Jitter      (TIJ):    0.300ns
    Discrete Jitter          (DJ):    0.000ns
    Phase Error              (PE):    0.000ns

    Location             Delay type                Incr(ns)  Path(ns)    Netlist Resource(s)
  -------------------------------------------------------------------    -------------------
    DSP48_X2Y4           DSP48E1                      0.000     0.000 r  u_soc/u_engine/p2_prod0__0/ACOUT[13]
                         net (fo=1, routed)           0.002     0.002    u_soc/u_engine/p2_prod0__0_n_40
    DSP48_X2Y5           DSP48E1                                      r  u_soc/u_engine/p2_prod_reg__0/ACIN[13]
  -------------------------------------------------------------------    -------------------

                         (clock clk_fpga_0 rise edge)
                                                      0.000     0.000 r  
    PS7_X0Y0             PS7                          0.000     0.000 r  u_bd/ps_bd_i/ps7/inst/PS7_i/FCLKCLK[0]
                         net (fo=1, routed)           1.193     1.193    u_bd/ps_bd_i/ps7/inst/FCLK_CLK_unbuffered[0]
    BUFGCTRL_X0Y16       BUFG (Prop_bufg_I_O)         0.101     1.294 r  u_bd/ps_bd_i/ps7/inst/buffer_fclk_clk_0.FCLK_CLK_0_BUFG/O
                         net (fo=7163, routed)        1.754     3.048    u_soc/u_engine/FCLK_CLK0
    DSP48_X2Y5           DSP48E1                                      r  u_soc/u_engine/p2_prod_reg__0/CLK

Slack:                    inf
  Source:                 u_soc/u_engine/p2_prod0__0/ACOUT[14]
                            (internal pin)
  Destination:            u_soc/u_engine/p2_prod_reg__0/ACIN[14]
                            (rising edge-triggered cell DSP48E1 clocked by clk_fpga_0  {rise@0.000ns fall@5.000ns period=10.000ns})
  Path Group:             (none)
  Path Type:              Hold (Min at Slow Process Corner)
  Data Path Delay:        0.002ns  (logic 0.000ns (0.000%)  route 0.002ns (100.000%))
  Logic Levels:           0  
  Clock Uncertainty:      0.152ns  ((TSJ^2 + TIJ^2)^1/2 + DJ) / 2 + PE
    Total System Jitter     (TSJ):    0.050ns
    Total Input Jitter      (TIJ):    0.300ns
    Discrete Jitter          (DJ):    0.000ns
    Phase Error              (PE):    0.000ns

    Location             Delay type                Incr(ns)  Path(ns)    Netlist Resource(s)
  -------------------------------------------------------------------    -------------------
    DSP48_X2Y4           DSP48E1                      0.000     0.000 r  u_soc/u_engine/p2_prod0__0/ACOUT[14]
                         net (fo=1, routed)           0.002     0.002    u_soc/u_engine/p2_prod0__0_n_39
    DSP48_X2Y5           DSP48E1                                      r  u_soc/u_engine/p2_prod_reg__0/ACIN[14]
  -------------------------------------------------------------------    -------------------

                         (clock clk_fpga_0 rise edge)
                                                      0.000     0.000 r  
    PS7_X0Y0             PS7                          0.000     0.000 r  u_bd/ps_bd_i/ps7/inst/PS7_i/FCLKCLK[0]
                         net (fo=1, routed)           1.193     1.193    u_bd/ps_bd_i/ps7/inst/FCLK_CLK_unbuffered[0]
    BUFGCTRL_X0Y16       BUFG (Prop_bufg_I_O)         0.101     1.294 r  u_bd/ps_bd_i/ps7/inst/buffer_fclk_clk_0.FCLK_CLK_0_BUFG/O
                         net (fo=7163, routed)        1.754     3.048    u_soc/u_engine/FCLK_CLK0
    DSP48_X2Y5           DSP48E1                                      r  u_soc/u_engine/p2_prod_reg__0/CLK

Slack:                    inf
  Source:                 u_soc/u_engine/p2_prod0__0/ACOUT[15]
                            (internal pin)
  Destination:            u_soc/u_engine/p2_prod_reg__0/ACIN[15]
                            (rising edge-triggered cell DSP48E1 clocked by clk_fpga_0  {rise@0.000ns fall@5.000ns period=10.000ns})
  Path Group:             (none)
  Path Type:              Hold (Min at Slow Process Corner)
  Data Path Delay:        0.002ns  (logic 0.000ns (0.000%)  route 0.002ns (100.000%))
  Logic Levels:           0  
  Clock Uncertainty:      0.152ns  ((TSJ^2 + TIJ^2)^1/2 + DJ) / 2 + PE
    Total System Jitter     (TSJ):    0.050ns
    Total Input Jitter      (TIJ):    0.300ns
    Discrete Jitter          (DJ):    0.000ns
    Phase Error              (PE):    0.000ns

    Location             Delay type                Incr(ns)  Path(ns)    Netlist Resource(s)
  -------------------------------------------------------------------    -------------------
    DSP48_X2Y4           DSP48E1                      0.000     0.000 r  u_soc/u_engine/p2_prod0__0/ACOUT[15]
                         net (fo=1, routed)           0.002     0.002    u_soc/u_engine/p2_prod0__0_n_38
    DSP48_X2Y5           DSP48E1                                      r  u_soc/u_engine/p2_prod_reg__0/ACIN[15]
  -------------------------------------------------------------------    -------------------

                         (clock clk_fpga_0 rise edge)
                                                      0.000     0.000 r  
    PS7_X0Y0             PS7                          0.000     0.000 r  u_bd/ps_bd_i/ps7/inst/PS7_i/FCLKCLK[0]
                         net (fo=1, routed)           1.193     1.193    u_bd/ps_bd_i/ps7/inst/FCLK_CLK_unbuffered[0]
    BUFGCTRL_X0Y16       BUFG (Prop_bufg_I_O)         0.101     1.294 r  u_bd/ps_bd_i/ps7/inst/buffer_fclk_clk_0.FCLK_CLK_0_BUFG/O
                         net (fo=7163, routed)        1.754     3.048    u_soc/u_engine/FCLK_CLK0
    DSP48_X2Y5           DSP48E1                                      r  u_soc/u_engine/p2_prod_reg__0/CLK

Slack:                    inf
  Source:                 u_soc/u_engine/p2_prod0__0/ACOUT[16]
                            (internal pin)
  Destination:            u_soc/u_engine/p2_prod_reg__0/ACIN[16]
                            (rising edge-triggered cell DSP48E1 clocked by clk_fpga_0  {rise@0.000ns fall@5.000ns period=10.000ns})
  Path Group:             (none)
  Path Type:              Hold (Min at Slow Process Corner)
  Data Path Delay:        0.002ns  (logic 0.000ns (0.000%)  route 0.002ns (100.000%))
  Logic Levels:           0  
  Clock Uncertainty:      0.152ns  ((TSJ^2 + TIJ^2)^1/2 + DJ) / 2 + PE
    Total System Jitter     (TSJ):    0.050ns
    Total Input Jitter      (TIJ):    0.300ns
    Discrete Jitter          (DJ):    0.000ns
    Phase Error              (PE):    0.000ns

    Location             Delay type                Incr(ns)  Path(ns)    Netlist Resource(s)
  -------------------------------------------------------------------    -------------------
    DSP48_X2Y4           DSP48E1                      0.000     0.000 r  u_soc/u_engine/p2_prod0__0/ACOUT[16]
                         net (fo=1, routed)           0.002     0.002    u_soc/u_engine/p2_prod0__0_n_37
    DSP48_X2Y5           DSP48E1                                      r  u_soc/u_engine/p2_prod_reg__0/ACIN[16]
  -------------------------------------------------------------------    -------------------

                         (clock clk_fpga_0 rise edge)
                                                      0.000     0.000 r  
    PS7_X0Y0             PS7                          0.000     0.000 r  u_bd/ps_bd_i/ps7/inst/PS7_i/FCLKCLK[0]
                         net (fo=1, routed)           1.193     1.193    u_bd/ps_bd_i/ps7/inst/FCLK_CLK_unbuffered[0]
    BUFGCTRL_X0Y16       BUFG (Prop_bufg_I_O)         0.101     1.294 r  u_bd/ps_bd_i/ps7/inst/buffer_fclk_clk_0.FCLK_CLK_0_BUFG/O
                         net (fo=7163, routed)        1.754     3.048    u_soc/u_engine/FCLK_CLK0
    DSP48_X2Y5           DSP48E1                                      r  u_soc/u_engine/p2_prod_reg__0/CLK

Slack:                    inf
  Source:                 u_soc/u_engine/p2_prod0__0/ACOUT[17]
                            (internal pin)
  Destination:            u_soc/u_engine/p2_prod_reg__0/ACIN[17]
                            (rising edge-triggered cell DSP48E1 clocked by clk_fpga_0  {rise@0.000ns fall@5.000ns period=10.000ns})
  Path Group:             (none)
  Path Type:              Hold (Min at Slow Process Corner)
  Data Path Delay:        0.002ns  (logic 0.000ns (0.000%)  route 0.002ns (100.000%))
  Logic Levels:           0  
  Clock Uncertainty:      0.152ns  ((TSJ^2 + TIJ^2)^1/2 + DJ) / 2 + PE
    Total System Jitter     (TSJ):    0.050ns
    Total Input Jitter      (TIJ):    0.300ns
    Discrete Jitter          (DJ):    0.000ns
    Phase Error              (PE):    0.000ns

    Location             Delay type                Incr(ns)  Path(ns)    Netlist Resource(s)
  -------------------------------------------------------------------    -------------------
    DSP48_X2Y4           DSP48E1                      0.000     0.000 r  u_soc/u_engine/p2_prod0__0/ACOUT[17]
                         net (fo=1, routed)           0.002     0.002    u_soc/u_engine/p2_prod0__0_n_36
    DSP48_X2Y5           DSP48E1                                      r  u_soc/u_engine/p2_prod_reg__0/ACIN[17]
  -------------------------------------------------------------------    -------------------

                         (clock clk_fpga_0 rise edge)
                                                      0.000     0.000 r  
    PS7_X0Y0             PS7                          0.000     0.000 r  u_bd/ps_bd_i/ps7/inst/PS7_i/FCLKCLK[0]
                         net (fo=1, routed)           1.193     1.193    u_bd/ps_bd_i/ps7/inst/FCLK_CLK_unbuffered[0]
    BUFGCTRL_X0Y16       BUFG (Prop_bufg_I_O)         0.101     1.294 r  u_bd/ps_bd_i/ps7/inst/buffer_fclk_clk_0.FCLK_CLK_0_BUFG/O
                         net (fo=7163, routed)        1.754     3.048    u_soc/u_engine/FCLK_CLK0
    DSP48_X2Y5           DSP48E1                                      r  u_soc/u_engine/p2_prod_reg__0/CLK

Slack:                    inf
  Source:                 u_soc/u_engine/p2_prod0__0/ACOUT[18]
                            (internal pin)
  Destination:            u_soc/u_engine/p2_prod_reg__0/ACIN[18]
                            (rising edge-triggered cell DSP48E1 clocked by clk_fpga_0  {rise@0.000ns fall@5.000ns period=10.000ns})
  Path Group:             (none)
  Path Type:              Hold (Min at Slow Process Corner)
  Data Path Delay:        0.002ns  (logic 0.000ns (0.000%)  route 0.002ns (100.000%))
  Logic Levels:           0  
  Clock Uncertainty:      0.152ns  ((TSJ^2 + TIJ^2)^1/2 + DJ) / 2 + PE
    Total System Jitter     (TSJ):    0.050ns
    Total Input Jitter      (TIJ):    0.300ns
    Discrete Jitter          (DJ):    0.000ns
    Phase Error              (PE):    0.000ns

    Location             Delay type                Incr(ns)  Path(ns)    Netlist Resource(s)
  -------------------------------------------------------------------    -------------------
    DSP48_X2Y4           DSP48E1                      0.000     0.000 r  u_soc/u_engine/p2_prod0__0/ACOUT[18]
                         net (fo=1, routed)           0.002     0.002    u_soc/u_engine/p2_prod0__0_n_35
    DSP48_X2Y5           DSP48E1                                      r  u_soc/u_engine/p2_prod_reg__0/ACIN[18]
  -------------------------------------------------------------------    -------------------

                         (clock clk_fpga_0 rise edge)
                                                      0.000     0.000 r  
    PS7_X0Y0             PS7                          0.000     0.000 r  u_bd/ps_bd_i/ps7/inst/PS7_i/FCLKCLK[0]
                         net (fo=1, routed)           1.193     1.193    u_bd/ps_bd_i/ps7/inst/FCLK_CLK_unbuffered[0]
    BUFGCTRL_X0Y16       BUFG (Prop_bufg_I_O)         0.101     1.294 r  u_bd/ps_bd_i/ps7/inst/buffer_fclk_clk_0.FCLK_CLK_0_BUFG/O
                         net (fo=7163, routed)        1.754     3.048    u_soc/u_engine/FCLK_CLK0
    DSP48_X2Y5           DSP48E1                                      r  u_soc/u_engine/p2_prod_reg__0/CLK





